period,metric,value
2018-01-01,"Нефтегазовые доходы, всего",661.3
2018-02-01,"Нефтегазовые доходы, всего",628.2
2018-03-01,"Нефтегазовые доходы, всего",570.1
2018-04-01,"Нефтегазовые доходы, всего",630.7
2018-05-01,"Нефтегазовые доходы, всего",684.5
2018-06-01,"Нефтегазовые доходы, всего",760.2
2018-07-01,"Нефтегазовые доходы, всего",749.2
2018-08-01,"Нефтегазовые доходы, всего",817.5
2018-09-01,"Нефтегазовые доходы, всего",800.3
2018-10-01,"Нефтегазовые доходы, всего",920.0
2018-11-01,"Нефтегазовые доходы, всего",959.6
2018-12-01,"Нефтегазовые доходы, всего",836.1
2019-01-01,"Нефтегазовые доходы, всего",680.8
2019-02-01,"Нефтегазовые доходы, всего",686.6
2019-03-01,"Нефтегазовые доходы, всего",626.1
2019-04-01,"Нефтегазовые доходы, всего",729.2
2019-05-01,"Нефтегазовые доходы, всего",697.7
2019-06-01,"Нефтегазовые доходы, всего",701.6
2019-07-01,"Нефтегазовые доходы, всего",661.0
2019-08-01,"Нефтегазовые доходы, всего",624.6
2019-09-01,"Нефтегазовые доходы, всего",600.5
2019-10-01,"Нефтегазовые доходы, всего",668.7
2019-11-01,"Нефтегазовые доходы, всего",588.7
2019-12-01,"Нефтегазовые доходы, всего",658.8
2020-01-01,"Нефтегазовые доходы, всего",615.9
2020-02-01,"Нефтегазовые доходы, всего",608.3
2020-03-01,"Нефтегазовые доходы, всего",563.7
2020-04-01,"Нефтегазовые доходы, всего",434.6
2020-05-01,"Нефтегазовые доходы, всего",214.2
2020-06-01,"Нефтегазовые доходы, всего",224.3
2020-07-01,"Нефтегазовые доходы, всего",341.0
2020-08-01,"Нефтегазовые доходы, всего",404.9
2020-09-01,"Нефтегазовые доходы, всего",447.1
2020-10-01,"Нефтегазовые доходы, всего",474.5
2020-11-01,"Нефтегазовые доходы, всего",453.7
2020-12-01,"Нефтегазовые доходы, всего",453.0
2021-01-01,"Нефтегазовые доходы, всего",490.8
2021-02-01,"Нефтегазовые доходы, всего",544.9
2021-03-01,"Нефтегазовые доходы, всего",582.5
2021-04-01,"Нефтегазовые доходы, всего",889.8
2021-05-01,"Нефтегазовые доходы, всего",620.9
2021-06-01,"Нефтегазовые доходы, всего",647.0
2021-07-01,"Нефтегазовые доходы, всего",994.0
2021-08-01,"Нефтегазовые доходы, всего",695.8
2021-09-01,"Нефтегазовые доходы, всего",718.9
2021-10-01,"Нефтегазовые доходы, всего",1107.9
2021-11-01,"Нефтегазовые доходы, всего",884.7
2021-12-01,"Нефтегазовые доходы, всего",879.1
2022-01-01,"Нефтегазовые доходы, всего",794.5
2022-02-01,"Нефтегазовые доходы, всего",971.7
2022-03-01,"Нефтегазовые доходы, всего",1208.1
2022-04-01,"Нефтегазовые доходы, всего",1797.7
2022-05-01,"Нефтегазовые доходы, всего",886.0
2022-06-01,"Нефтегазовые доходы, всего",717.9
2022-07-01,"Нефтегазовые доходы, всего",770.5
2022-08-01,"Нефтегазовые доходы, всего",671.9
2022-09-01,"Нефтегазовые доходы, всего",688.2
2022-10-01,"Нефтегазовые доходы, всего",1281.7
2022-11-01,"Нефтегазовые доходы, всего",866.4
2022-12-01,"Нефтегазовые доходы, всего",931.5
2023-01-01,"Нефтегазовые доходы, всего",425.5
2023-02-01,"Нефтегазовые доходы, всего",521.2
2023-03-01,"Нефтегазовые доходы, всего",688.2
2023-04-01,"Нефтегазовые доходы, всего",647.5
2023-05-01,"Нефтегазовые доходы, всего",570.7
2023-06-01,"Нефтегазовые доходы, всего",528.6
2023-07-01,"Нефтегазовые доходы, всего",811.3
2023-08-01,"Нефтегазовые доходы, всего",642.7
2023-09-01,"Нефтегазовые доходы, всего",739.9
2023-10-01,"Нефтегазовые доходы, всего",1634.6
2023-11-01,"Нефтегазовые доходы, всего",961.7
2023-12-01,"Нефтегазовые доходы, всего",650.5
2024-01-01,"Нефтегазовые доходы, всего",675.2
2024-02-01,"Нефтегазовые доходы, всего",945.6
2024-03-01,"Нефтегазовые доходы, всего",1307.5
2024-04-01,"Нефтегазовые доходы, всего",1229.0
2024-05-01,"Нефтегазовые доходы, всего",793.7
2024-06-01,"Нефтегазовые доходы, всего",746.6
2024-07-01,"Нефтегазовые доходы, всего",1079.3
2024-08-01,"Нефтегазовые доходы, всего",778.6
2024-09-01,"Нефтегазовые доходы, всего",771.9
2024-10-01,"Нефтегазовые доходы, всего",1211.8
2024-11-01,"Нефтегазовые доходы, всего",801.7
2024-12-01,"Нефтегазовые доходы, всего",790.2
2025-01-01,"Нефтегазовые доходы, всего",789.1
2025-02-01,"Нефтегазовые доходы, всего",771.3
2025-03-01,"Нефтегазовые доходы, всего",1081.3
2025-04-01,"Нефтегазовые доходы, всего",1085.6
2025-05-01,"Нефтегазовые доходы, всего",512.7
2025-06-01,"Нефтегазовые доходы, всего",494.8
2025-07-01,"Нефтегазовые доходы, всего",787.3
2025-08-01,"Нефтегазовые доходы, всего",505.0
2025-09-01,"Нефтегазовые доходы, всего",582.5
2025-10-01,"Нефтегазовые доходы, всего",888.6
2025-11-01,"Нефтегазовые доходы, всего",530.9
2025-12-01,"Нефтегазовые доходы, всего",447.8
2026-01-01,"Нефтегазовые доходы, всего",393.3
2026-02-01,"Нефтегазовые доходы, всего",432.3
2026-03-01,"Нефтегазовые доходы, всего",617.0
2026-04-01,"Нефтегазовые доходы, всего",855.6
2018-01-01,Налог на добычу полезных ископаемых,442.9
2018-02-01,Налог на добычу полезных ископаемых,444.8
2018-03-01,Налог на добычу полезных ископаемых,363.7
2018-04-01,Налог на добычу полезных ископаемых,412.0
2018-05-01,Налог на добычу полезных ископаемых,459.8
2018-06-01,Налог на добычу полезных ископаемых,533.5
2018-07-01,Налог на добычу полезных ископаемых,504.5
2018-08-01,Налог на добычу полезных ископаемых,527.4
2018-09-01,Налог на добычу полезных ископаемых,543.8
2018-10-01,Налог на добычу полезных ископаемых,624.9
2018-11-01,Налог на добычу полезных ископаемых,650.5
2018-12-01,Налог на добычу полезных ископаемых,502.0
2019-01-01,Налог на добычу полезных ископаемых,466.5
2019-02-01,Налог на добычу полезных ископаемых,508.5
2019-03-01,Налог на добычу полезных ископаемых,473.0
2019-04-01,Налог на добычу полезных ископаемых,538.5
2019-05-01,Налог на добычу полезных ископаемых,560.9
2019-06-01,Налог на добычу полезных ископаемых,569.5
2019-07-01,Налог на добычу полезных ископаемых,477.7
2019-08-01,Налог на добычу полезных ископаемых,487.1
2019-09-01,Налог на добычу полезных ископаемых,468.9
2019-10-01,Налог на добычу полезных ископаемых,462.1
2019-11-01,Налог на добычу полезных ископаемых,459.8
2019-12-01,Налог на добычу полезных ископаемых,499.2
2020-01-01,Налог на добычу полезных ископаемых,489.2
2020-02-01,Налог на добычу полезных ископаемых,514.9
2020-03-01,Налог на добычу полезных ископаемых,423.8
2020-04-01,Налог на добычу полезных ископаемых,251.7
2020-05-01,Налог на добычу полезных ископаемых,133.1
2020-06-01,Налог на добычу полезных ископаемых,170.3
2020-07-01,Налог на добычу полезных ископаемых,243.9
2020-08-01,Налог на добычу полезных ископаемых,298.7
2020-09-01,Налог на добычу полезных ископаемых,335.5
2020-10-01,Налог на добычу полезных ископаемых,306.1
2020-11-01,Налог на добычу полезных ископаемых,321.9
2020-12-01,Налог на добычу полезных ископаемых,330.6
2021-01-01,Налог на добычу полезных ископаемых,382.0
2021-02-01,Налог на добычу полезных ископаемых,454.5
2021-03-01,Налог на добычу полезных ископаемых,470.6
2021-04-01,Налог на добычу полезных ископаемых,557.5
2021-05-01,Налог на добычу полезных ископаемых,557.4
2021-06-01,Налог на добычу полезных ископаемых,593.0
2021-07-01,Налог на добычу полезных ископаемых,611.5
2021-08-01,Налог на добычу полезных ископаемых,664.4
2021-09-01,Налог на добычу полезных ископаемых,627.5
2021-10-01,Налог на добычу полезных ископаемых,661.1
2021-11-01,Налог на добычу полезных ископаемых,777.1
2021-12-01,Налог на добычу полезных ископаемых,754.3
2022-01-01,Налог на добычу полезных ископаемых,717.2
2022-02-01,Налог на добычу полезных ископаемых,927.5
2022-03-01,Налог на добычу полезных ископаемых,953.1
2022-04-01,Налог на добычу полезных ископаемых,1269.6
2022-05-01,Налог на добычу полезных ископаемых,937.9
2022-06-01,Налог на добычу полезных ископаемых,743.1
2022-07-01,Налог на добычу полезных ископаемых,707.6
2022-08-01,Налог на добычу полезных ископаемых,744.7
2022-09-01,Налог на добычу полезных ископаемых,661.7
2022-10-01,Налог на добычу полезных ископаемых,990.2
2022-11-01,Налог на добычу полезных ископаемых,1020.4
2022-12-01,Налог на добычу полезных ископаемых,971.0
2023-01-01,Налог на добычу полезных ископаемых,437.7
2023-02-01,Налог на добычу полезных ископаемых,643.6
2023-03-01,Налог на добычу полезных ископаемых,562.8
2023-04-01,Налог на добычу полезных ископаемых,599.2
2023-05-01,Налог на добычу полезных ископаемых,703.6
2023-06-01,Налог на добычу полезных ископаемых,631.6
2023-07-01,Налог на добычу полезных ископаемых,673.0
2023-08-01,Налог на добычу полезных ископаемых,874.9
2023-09-01,Налог на добычу полезных ископаемых,1086.6
2023-10-01,Налог на добычу полезных ископаемых,1107.7
2023-11-01,Налог на добычу полезных ископаемых,1174.7
2023-12-01,Налог на добычу полезных ископаемых,970.0
2024-01-01,Налог на добычу полезных ископаемых,878.4
2024-02-01,Налог на добычу полезных ископаемых,1213.7
2024-03-01,Налог на добычу полезных ископаемых,995.0
2024-04-01,Налог на добычу полезных ископаемых,1077.6
2024-05-01,Налог на добычу полезных ископаемых,1117.2
2024-06-01,Налог на добычу полезных ископаемых,1024.3
2024-07-01,Налог на добычу полезных ископаемых,944.0
2024-08-01,Налог на добычу полезных ископаемых,1044.5
2024-09-01,Налог на добычу полезных ископаемых,1017.1
2024-10-01,Налог на добычу полезных ископаемых,908.1
2024-11-01,Налог на добычу полезных ископаемых,1014.3
2024-12-01,Налог на добычу полезных ископаемых,1000.0
2025-01-01,Налог на добычу полезных ископаемых,1049.1
2025-02-01,Налог на добычу полезных ископаемых,1029.7
2025-03-01,Налог на добычу полезных ископаемых,776.5
2025-04-01,Налог на добычу полезных ископаемых,769.1
2025-05-01,Налог на добычу полезных ископаемых,647.2
2025-06-01,Налог на добычу полезных ископаемых,609.4
2025-07-01,Налог на добычу полезных ископаемых,634.1
2025-08-01,Налог на добычу полезных ископаемых,675.7
2025-09-01,Налог на добычу полезных ископаемых,677.2
2025-10-01,Налог на добычу полезных ископаемых,671.3
2025-11-01,Налог на добычу полезных ископаемых,650.5
2025-12-01,Налог на добычу полезных ископаемых,548.8
2026-01-01,Налог на добычу полезных ископаемых,440.3
2026-02-01,Налог на добычу полезных ископаемых,437.7
2026-03-01,Налог на добычу полезных ископаемых,442.9
2026-04-01,Налог на добычу полезных ископаемых,916.8
2018-01-01,Нефть,368.5
2018-02-01,Нефть,387.1
2018-03-01,Нефть,313.7
2018-04-01,Нефть,355.5
2018-05-01,Нефть,402.7
2018-06-01,Нефть,474.8
2018-07-01,Нефть,451.7
2018-08-01,Нефть,473.5
2018-09-01,Нефть,489.1
2018-10-01,Нефть,541.8
2018-11-01,Нефть,556.1
2018-12-01,Нефть,417.6
2019-01-01,Нефть,376.8
2019-02-01,Нефть,432.8
2019-03-01,Нефть,404.1
2019-04-01,Нефть,463.6
2019-05-01,Нефть,491.0
2019-06-01,Нефть,502.2
2019-07-01,Нефть,422.0
2019-08-01,Нефть,431.1
2019-09-01,Нефть,414.4
2019-10-01,Нефть,406.9
2019-11-01,Нефть,398.1
2019-12-01,Нефть,432.5
2020-01-01,Нефть,426.8
2020-02-01,Нефть,449.7
2020-03-01,Нефть,366.0
2020-04-01,Нефть,202.5
2020-05-01,Нефть,88.9
2020-06-01,Нефть,123.6
2020-07-01,Нефть,199.1
2020-08-01,Нефть,254.2
2020-09-01,Нефть,287.3
2020-10-01,Нефть,257.0
2020-11-01,Нефть,266.8
2020-12-01,Нефть,276.3
2021-01-01,Нефть,324.2
2021-02-01,Нефть,391.4
2021-03-01,Нефть,409.3
2021-04-01,Нефть,487.9
2021-05-01,Нефть,489.9
2021-06-01,Нефть,524.5
2021-07-01,Нефть,547.1
2021-08-01,Нефть,598.0
2021-09-01,Нефть,565.1
2021-10-01,Нефть,589.4
2021-11-01,Нефть,695.0
2021-12-01,Нефть,673.9
2022-01-01,Нефть,634.6
2022-02-01,Нефть,829.8
2022-03-01,Нефть,858.0
2022-04-01,Нефть,1152.5
2022-05-01,Нефть,828.3
2022-06-01,Нефть,655.8
2022-07-01,Нефть,640.9
2022-08-01,Нефть,681.3
2022-09-01,Нефть,599.2
2022-10-01,Нефть,508.4
2022-11-01,Нефть,527.8
2022-12-01,Нефть,474.8
2023-01-01,Нефть,364.1
2023-02-01,Нефть,490.7
2023-03-01,Нефть,427.1
2023-04-01,Нефть,448.8
2023-05-01,Нефть,560.6
2023-06-01,Нефть,502.4
2023-07-01,Нефть,553.8
2023-08-01,Нефть,745.8
2023-09-01,Нефть,944.5
2023-10-01,Нефть,952.2
2023-11-01,Нефть,996.8
2023-12-01,Нефть,799.8
2024-01-01,Нефть,715.7
2024-02-01,Нефть,1022.3
2024-03-01,Нефть,803.1
2024-04-01,Нефть,880.3
2024-05-01,Нефть,937.0
2024-06-01,Нефть,855.1
2024-07-01,Нефть,800.2
2024-08-01,Нефть,882.3
2024-09-01,Нефть,848.3
2024-10-01,Нефть,742.1
2024-11-01,Нефть,823.1
2024-12-01,Нефть,801.6
2025-01-01,Нефть,840.4
2025-02-01,Нефть,868.2
2025-03-01,Нефть,646.4
2025-04-01,Нефть,633.6
2025-05-01,Нефть,532.5
2025-06-01,Нефть,506.1
2025-07-01,Нефть,543.4
2025-08-01,Нефть,579.6
2025-09-01,Нефть,578.8
2025-10-01,Нефть,574.6
2025-11-01,Нефть,530.8
2025-12-01,Нефть,430.7
2026-01-01,Нефть,331.9
2026-02-01,Нефть,314.4
2026-03-01,Нефть,326.8
2026-04-01,Нефть,771.3
2018-01-01,Газ,62.4
2018-02-01,Газ,45.5
2018-03-01,Газ,40.1
2018-04-01,Газ,45.7
2018-05-01,Газ,45.2
2018-06-01,Газ,44.8
2018-07-01,Газ,41.1
2018-08-01,Газ,42.5
2018-09-01,Газ,43.2
2018-10-01,Газ,69.0
2018-11-01,Газ,78.9
2018-12-01,Газ,72.3
2019-01-01,Газ,77.7
2019-02-01,Газ,60.0
2019-03-01,Газ,54.2
2019-04-01,Газ,57.5
2019-05-01,Газ,54.3
2019-06-01,Газ,51.5
2019-07-01,Газ,42.5
2019-08-01,Газ,43.3
2019-09-01,Газ,42.3
2019-10-01,Газ,43.6
2019-11-01,Газ,48.2
2019-12-01,Газ,51.8
2020-01-01,Газ,51.6
2020-02-01,Газ,49.4
2020-03-01,Газ,43.6
2020-04-01,Газ,38.7
2020-05-01,Газ,36.2
2020-06-01,Газ,37.4
2020-07-01,Газ,35.3
2020-08-01,Газ,33.3
2020-09-01,Газ,35.9
2020-10-01,Газ,37.1
2020-11-01,Газ,42.1
2020-12-01,Газ,41.7
2021-01-01,Газ,44.0
2021-02-01,Газ,46.1
2021-03-01,Газ,44.3
2021-04-01,Газ,49.7
2021-05-01,Газ,46.9
2021-06-01,Газ,47.2
2021-07-01,Газ,44.3
2021-08-01,Газ,44.8
2021-09-01,Газ,45.9
2021-10-01,Газ,50.2
2021-11-01,Газ,58.0
2021-12-01,Газ,56.4
2022-01-01,Газ,58.3
2022-02-01,Газ,64.8
2022-03-01,Газ,60.5
2022-04-01,Газ,70.5
2022-05-01,Газ,69.9
2022-06-01,Газ,54.4
2022-07-01,Газ,39.9
2022-08-01,Газ,33.7
2022-09-01,Газ,37.5
2022-10-01,Газ,452.9
2022-11-01,Газ,462.9
2022-12-01,Газ,466.7
2023-01-01,Газ,44.3
2023-02-01,Газ,120.5
2023-03-01,Газ,107.6
2023-04-01,Газ,119.7
2023-05-01,Газ,106.6
2023-06-01,Газ,95.6
2023-07-01,Газ,86.7
2023-08-01,Газ,91.1
2023-09-01,Газ,102.3
2023-10-01,Газ,104.8
2023-11-01,Газ,122.1
2023-12-01,Газ,118.2
2024-01-01,Газ,113.7
2024-02-01,Газ,135.2
2024-03-01,Газ,136.8
2024-04-01,Газ,136.4
2024-05-01,Газ,116.5
2024-06-01,Газ,108.7
2024-07-01,Газ,94.0
2024-08-01,Газ,112.0
2024-09-01,Газ,115.8
2024-10-01,Газ,111.6
2024-11-01,Газ,129.7
2024-12-01,Газ,138.2
2025-01-01,Газ,143.8
2025-02-01,Газ,92.7
2025-03-01,Газ,77.4
2025-04-01,Газ,82.9
2025-05-01,Газ,68.0
2025-06-01,Газ,58.4
2025-07-01,Газ,51.1
2025-08-01,Газ,56.3
2025-09-01,Газ,55.9
2025-10-01,Газ,55.5
2025-11-01,Газ,74.8
2025-12-01,Газ,76.7
2026-01-01,Газ,70.9
2026-02-01,Газ,88.9
2026-03-01,Газ,85.5
2026-04-01,Газ,92.5
2018-01-01,Газовый конденсат,12.0
2018-02-01,Газовый конденсат,12.1
2018-03-01,Газовый конденсат,9.9
2018-04-01,Газовый конденсат,10.9
2018-05-01,Газовый конденсат,11.8
2018-06-01,Газовый конденсат,13.8
2018-07-01,Газовый конденсат,11.8
2018-08-01,Газовый конденсат,11.4
2018-09-01,Газовый конденсат,11.5
2018-10-01,Газовый конденсат,14.1
2018-11-01,Газовый конденсат,15.5
2018-12-01,Газовый конденсат,12.1
2019-01-01,Газовый конденсат,12.0
2019-02-01,Газовый конденсат,15.8
2019-03-01,Газовый конденсат,14.8
2019-04-01,Газовый конденсат,17.4
2019-05-01,Газовый конденсат,15.5
2019-06-01,Газовый конденсат,15.8
2019-07-01,Газовый конденсат,13.2
2019-08-01,Газовый конденсат,12.7
2019-09-01,Газовый конденсат,12.3
2019-10-01,Газовый конденсат,11.6
2019-11-01,Газовый конденсат,13.4
2019-12-01,Газовый конденсат,14.8
2020-01-01,Газовый конденсат,10.9
2020-02-01,Газовый конденсат,15.8
2020-03-01,Газовый конденсат,14.1
2020-04-01,Газовый конденсат,10.4
2020-05-01,Газовый конденсат,8.0
2020-06-01,Газовый конденсат,9.3
2020-07-01,Газовый конденсат,9.5
2020-08-01,Газовый конденсат,11.2
2020-09-01,Газовый конденсат,12.3
2020-10-01,Газовый конденсат,12.0
2020-11-01,Газовый конденсат,12.9
2020-12-01,Газовый конденсат,12.6
2021-01-01,Газовый конденсат,13.8
2021-02-01,Газовый конденсат,17.0
2021-03-01,Газовый конденсат,16.9
2021-04-01,Газовый конденсат,19.9
2021-05-01,Газовый конденсат,20.6
2021-06-01,Газовый конденсат,21.3
2021-07-01,Газовый конденсат,20.2
2021-08-01,Газовый конденсат,21.6
2021-09-01,Газовый конденсат,16.6
2021-10-01,Газовый конденсат,21.5
2021-11-01,Газовый конденсат,24.2
2021-12-01,Газовый конденсат,24.0
2022-01-01,Газовый конденсат,24.3
2022-02-01,Газовый конденсат,32.9
2022-03-01,Газовый конденсат,34.6
2022-04-01,Газовый конденсат,46.6
2022-05-01,Газовый конденсат,39.7
2022-06-01,Газовый конденсат,32.9
2022-07-01,Газовый конденсат,26.8
2022-08-01,Газовый конденсат,29.6
2022-09-01,Газовый конденсат,24.9
2022-10-01,Газовый конденсат,28.8
2022-11-01,Газовый конденсат,29.7
2022-12-01,Газовый конденсат,29.5
2023-01-01,Газовый конденсат,29.3
2023-02-01,Газовый конденсат,32.4
2023-03-01,Газовый конденсат,28.1
2023-04-01,Газовый конденсат,30.8
2023-05-01,Газовый конденсат,36.4
2023-06-01,Газовый конденсат,33.6
2023-07-01,Газовый конденсат,32.5
2023-08-01,Газовый конденсат,38.0
2023-09-01,Газовый конденсат,39.8
2023-10-01,Газовый конденсат,50.7
2023-11-01,Газовый конденсат,55.9
2023-12-01,Газовый конденсат,52.0
2024-01-01,Газовый конденсат,49.0
2024-02-01,Газовый конденсат,56.2
2024-03-01,Газовый конденсат,55.1
2024-04-01,Газовый конденсат,60.9
2024-05-01,Газовый конденсат,63.6
2024-06-01,Газовый конденсат,60.6
2024-07-01,Газовый конденсат,49.8
2024-08-01,Газовый конденсат,50.2
2024-09-01,Газовый конденсат,53.0
2024-10-01,Газовый конденсат,54.4
2024-11-01,Газовый конденсат,61.6
2024-12-01,Газовый конденсат,60.2
2025-01-01,Газовый конденсат,64.9
2025-02-01,Газовый конденсат,68.8
2025-03-01,Газовый конденсат,52.7
2025-04-01,Газовый конденсат,52.6
2025-05-01,Газовый конденсат,46.7
2025-06-01,Газовый конденсат,44.9
2025-07-01,Газовый конденсат,39.6
2025-08-01,Газовый конденсат,39.7
2025-09-01,Газовый конденсат,42.5
2025-10-01,Газовый конденсат,41.1
2025-11-01,Газовый конденсат,44.9
2025-12-01,Газовый конденсат,41.5
2026-01-01,Газовый конденсат,37.5
2026-02-01,Газовый конденсат,34.4
2026-03-01,Газовый конденсат,30.6
2026-04-01,Газовый конденсат,52.9
2018-01-01,Экспортная пошлина,218.4
2018-02-01,Экспортная пошлина,183.4
2018-03-01,Экспортная пошлина,206.4
2018-04-01,Экспортная пошлина,218.6
2018-05-01,Экспортная пошлина,224.8
2018-06-01,Экспортная пошлина,226.7
2018-07-01,Экспортная пошлина,244.7
2018-08-01,Экспортная пошлина,290.2
2018-09-01,Экспортная пошлина,256.5
2018-10-01,Экспортная пошлина,295.1
2018-11-01,Экспортная пошлина,309.1
2018-12-01,Экспортная пошлина,334.1
2019-01-01,Экспортная пошлина,214.3
2019-02-01,Экспортная пошлина,187.9
2019-03-01,Экспортная пошлина,177.4
2019-04-01,Экспортная пошлина,199.1
2019-05-01,Экспортная пошлина,189.0
2019-06-01,Экспортная пошлина,185.0
2019-07-01,Экспортная пошлина,190.7
2019-08-01,Экспортная пошлина,186.6
2019-09-01,Экспортная пошлина,175.3
2019-10-01,Экспортная пошлина,205.3
2019-11-01,Экспортная пошлина,171.0
2019-12-01,Экспортная пошлина,194.6
2020-01-01,Экспортная пошлина,163.3
2020-02-01,Экспортная пошлина,123.3
2020-03-01,Экспортная пошлина,114.3
2020-04-01,Экспортная пошлина,96.5
2020-05-01,Экспортная пошлина,25.6
2020-06-01,Экспортная пошлина,11.7
2020-07-01,Экспортная пошлина,61.5
2020-08-01,Экспортная пошлина,92.7
2020-09-01,Экспортная пошлина,102.2
2020-10-01,Экспортная пошлина,102.2
2020-11-01,Экспортная пошлина,121.2
2020-12-01,Экспортная пошлина,117.2
2021-01-01,Экспортная пошлина,118.8
2021-02-01,Экспортная пошлина,122.1
2021-03-01,Экспортная пошлина,132.4
2021-04-01,Экспортная пошлина,146.6
2021-05-01,Экспортная пошлина,150.0
2021-06-01,Экспортная пошлина,157.2
2021-07-01,Экспортная пошлина,171.9
2021-08-01,Экспортная пошлина,179.2
2021-09-01,Экспортная пошлина,227.9
2021-10-01,Экспортная пошлина,229.8
2021-11-01,Экспортная пошлина,289.2
2021-12-01,Экспортная пошлина,299.6
2022-01-01,Экспортная пошлина,223.2
2022-02-01,Экспортная пошлина,272.0
2022-03-01,Экспортная пошлина,306.5
2022-04-01,Экспортная пошлина,348.2
2022-05-01,Экспортная пошлина,255.1
2022-06-01,Экспортная пошлина,259.2
2022-07-01,Экспортная пошлина,115.4
2022-08-01,Экспортная пошлина,157.5
2022-09-01,Экспортная пошлина,250.2
2022-10-01,Экспортная пошлина,150.3
2022-11-01,Экспортная пошлина,53.4
2022-12-01,Экспортная пошлина,115.5
2023-01-01,Экспортная пошлина,105.9
2023-02-01,Экспортная пошлина,55.8
2023-03-01,Экспортная пошлина,50.3
2023-04-01,Экспортная пошлина,57.1
2023-05-01,Экспортная пошлина,66.1
2023-06-01,Экспортная пошлина,57.7
2023-07-01,Экспортная пошлина,62.8
2023-08-01,Экспортная пошлина,78.6
2023-09-01,Экспортная пошлина,105.9
2023-10-01,Экспортная пошлина,101.8
2023-11-01,Экспортная пошлина,121.4
2023-12-01,Экспортная пошлина,113.3
2024-01-01,Экспортная пошлина,68.5
2024-02-01,Экспортная пошлина,8.6
2024-03-01,Экспортная пошлина,36.5
2024-04-01,Экспортная пошлина,34.8
2024-05-01,Экспортная пошлина,43.6
2024-06-01,Экспортная пошлина,47.2
2024-07-01,Экспортная пошлина,-69.0
2024-08-01,Экспортная пошлина,50.7
2024-09-01,Экспортная пошлина,59.2
2024-10-01,Экспортная пошлина,53.7
2024-11-01,Экспортная пошлина,69.1
2024-12-01,Экспортная пошлина,83.3
2025-01-01,Экспортная пошлина,73.2
2025-02-01,Экспортная пошлина,69.1
2025-03-01,Экспортная пошлина,47.3
2025-04-01,Экспортная пошлина,17.7
2025-05-01,Экспортная пошлина,13.9
2025-06-01,Экспортная пошлина,20.7
2025-07-01,Экспортная пошлина,25.8
2025-08-01,Экспортная пошлина,28.4
2025-09-01,Экспортная пошлина,42.9
2025-10-01,Экспортная пошлина,38.8
2025-11-01,Экспортная пошлина,42.4
2025-12-01,Экспортная пошлина,38.1
2026-01-01,Экспортная пошлина,40.7
2026-02-01,Экспортная пошлина,47.8
2026-03-01,Экспортная пошлина,36.6
2026-04-01,Экспортная пошлина,56.2
2018-01-01,Нефть,104.7
2018-02-01,Нефть,93.4
2018-03-01,Нефть,107.3
2018-04-01,Нефть,111.6
2018-05-01,Нефть,107.5
2018-06-01,Нефть,124.5
2018-07-01,Нефть,127.2
2018-08-01,Нефть,159.5
2018-09-01,Нефть,123.7
2018-10-01,Нефть,158.5
2018-11-01,Нефть,156.8
2018-12-01,Нефть,175.2
2019-01-01,Нефть,82.3
2019-02-01,Нефть,59.8
2019-03-01,Нефть,80.1
2019-04-01,Нефть,108.7
2019-05-01,Нефть,103.6
2019-06-01,Нефть,104.9
2019-07-01,Нефть,107.2
2019-08-01,Нефть,103.7
2019-09-01,Нефть,93.0
2019-10-01,Нефть,106.2
2019-11-01,Нефть,75.0
2019-12-01,Нефть,91.0
2020-01-01,Нефть,71.9
2020-02-01,Нефть,64.9
2020-03-01,Нефть,44.0
2020-04-01,Нефть,34.8
2020-05-01,Нефть,6.4
2020-06-01,Нефть,-4.4
2020-07-01,Нефть,26.8
2020-08-01,Нефть,42.1
2020-09-01,Нефть,42.1
2020-10-01,Нефть,40.3
2020-11-01,Нефть,33.8
2020-12-01,Нефть,33.3
2021-01-01,Нефть,35.5
2021-02-01,Нефть,33.2
2021-03-01,Нефть,47.3
2021-04-01,Нефть,57.3
2021-05-01,Нефть,58.1
2021-06-01,Нефть,64.2
2021-07-01,Нефть,57.8
2021-08-01,Нефть,67.1
2021-09-01,Нефть,65.1
2021-10-01,Нефть,62.7
2021-11-01,Нефть,68.5
2021-12-01,Нефть,91.0
2022-01-01,Нефть,52.8
2022-02-01,Нефть,37.4
2022-03-01,Нефть,88.1
2022-04-01,Нефть,84.7
2022-05-01,Нефть,45.4
2022-06-01,Нефть,35.5
2022-07-01,Нефть,43.5
2022-08-01,Нефть,54.3
2022-09-01,Нефть,46.0
2022-10-01,Нефть,40.8
2022-11-01,Нефть,41.8
2022-12-01,Нефть,36.9
2023-01-01,Нефть,24.4
2023-02-01,Нефть,9.0
2023-03-01,Нефть,13.3
2023-04-01,Нефть,18.0
2023-05-01,Нефть,20.7
2023-06-01,Нефть,20.5
2023-07-01,Нефть,19.3
2023-08-01,Нефть,26.8
2023-09-01,Нефть,29.4
2023-10-01,Нефть,40.0
2023-11-01,Нефть,33.5
2023-12-01,Нефть,29.2
2024-01-01,Нефть,6.2
2024-02-01,Нефть,-5.7
2024-03-01,Нефть,-1.7
2024-04-01,Нефть,-2.1
2024-05-01,Нефть,0.0
2024-06-01,Нефть,-0.1
2024-07-01,Нефть,0.0
2024-08-01,Нефть,0.0
2024-09-01,Нефть,0.0
2024-10-01,Нефть,0.0
2024-11-01,Нефть,0.0
2024-12-01,Нефть,0.0
2025-01-01,Нефть,0.0
2025-02-01,Нефть,0.0
2025-03-01,Нефть,0.0
2025-04-01,Нефть,0.0
2025-05-01,Нефть,0.0
2025-06-01,Нефть,0.0
2025-07-01,Нефть,0.0
2025-08-01,Нефть,0.0
2025-09-01,Нефть,0.0
2025-10-01,Нефть,0.0
2025-11-01,Нефть,0.0
2025-12-01,Нефть,0.0
2026-01-01,Нефть,0.0
2026-02-01,Нефть,0.0
2026-03-01,Нефть,0.0
2026-04-01,Нефть,0.0
2018-01-01,Газ,73.3
2018-02-01,Газ,48.8
2018-03-01,Газ,52.9
2018-04-01,Газ,64.0
2018-05-01,Газ,66.2
2018-06-01,Газ,50.1
2018-07-01,Газ,59.4
2018-08-01,Газ,67.8
2018-09-01,Газ,80.2
2018-10-01,Газ,76.2
2018-11-01,Газ,86.8
2018-12-01,Газ,83.6
2019-01-01,Газ,91.6
2019-02-01,Газ,103.0
2019-03-01,Газ,65.6
2019-04-01,Газ,48.1
2019-05-01,Газ,51.2
2019-06-01,Газ,44.7
2019-07-01,Газ,38.6
2019-08-01,Газ,37.8
2019-09-01,Газ,44.6
2019-10-01,Газ,57.6
2019-11-01,Газ,57.5
2019-12-01,Газ,55.2
2020-01-01,Газ,61.3
2020-02-01,Газ,27.0
2020-03-01,Газ,28.3
2020-04-01,Газ,37.0
2020-05-01,Газ,19.1
2020-06-01,Газ,19.4
2020-07-01,Газ,23.8
2020-08-01,Газ,28.9
2020-09-01,Газ,35.7
2020-10-01,Газ,36.8
2020-11-01,Газ,64.8
2020-12-01,Газ,57.0
2021-01-01,Газ,66.7
2021-02-01,Газ,68.4
2021-03-01,Газ,54.3
2021-04-01,Газ,53.9
2021-05-01,Газ,63.1
2021-06-01,Газ,65.6
2021-07-01,Газ,83.0
2021-08-01,Газ,75.6
2021-09-01,Газ,127.7
2021-10-01,Газ,136.7
2021-11-01,Газ,178.0
2021-12-01,Газ,152.5
2022-01-01,Газ,142.6
2022-02-01,Газ,209.9
2022-03-01,Газ,171.5
2022-04-01,Газ,234.3
2022-05-01,Газ,199.0
2022-06-01,Газ,217.4
2022-07-01,Газ,57.3
2022-08-01,Газ,80.6
2022-09-01,Газ,181.2
2022-10-01,Газ,90.8
2022-11-01,Газ,-8.3
2022-12-01,Газ,53.7
2023-01-01,Газ,71.2
2023-02-01,Газ,40.1
2023-03-01,Газ,30.5
2023-04-01,Газ,31.0
2023-05-01,Газ,38.3
2023-06-01,Газ,30.1
2023-07-01,Газ,33.5
2023-08-01,Газ,39.8
2023-09-01,Газ,63.2
2023-10-01,Газ,46.2
2023-11-01,Газ,71.6
2023-12-01,Газ,70.5
2024-01-01,Газ,60.2
2024-02-01,Газ,16.1
2024-03-01,Газ,41.6
2024-04-01,Газ,39.7
2024-05-01,Газ,44.6
2024-06-01,Газ,47.4
2024-07-01,Газ,-68.9
2024-08-01,Газ,50.6
2024-09-01,Газ,58.9
2024-10-01,Газ,52.0
2024-11-01,Газ,66.9
2024-12-01,Газ,80.9
2025-01-01,Газ,72.6
2025-02-01,Газ,68.5
2025-03-01,Газ,47.1
2025-04-01,Газ,17.9
2025-05-01,Газ,14.4
2025-06-01,Газ,20.7
2025-07-01,Газ,25.8
2025-08-01,Газ,28.4
2025-09-01,Газ,43.0
2025-10-01,Газ,38.8
2025-11-01,Газ,42.4
2025-12-01,Газ,38.0
2026-01-01,Газ,40.7
2026-02-01,Газ,47.8
2026-03-01,Газ,36.6
2026-04-01,Газ,56.0
2018-01-01,Нефтепродукты,40.4
2018-02-01,Нефтепродукты,41.3
2018-03-01,Нефтепродукты,46.2
2018-04-01,Нефтепродукты,43.0
2018-05-01,Нефтепродукты,51.0
2018-06-01,Нефтепродукты,52.1
2018-07-01,Нефтепродукты,58.0
2018-08-01,Нефтепродукты,62.8
2018-09-01,Нефтепродукты,52.6
2018-10-01,Нефтепродукты,60.4
2018-11-01,Нефтепродукты,65.5
2018-12-01,Нефтепродукты,75.3
2019-01-01,Нефтепродукты,40.3
2019-02-01,Нефтепродукты,25.1
2019-03-01,Нефтепродукты,31.6
2019-04-01,Нефтепродукты,42.3
2019-05-01,Нефтепродукты,34.1
2019-06-01,Нефтепродукты,35.3
2019-07-01,Нефтепродукты,44.8
2019-08-01,Нефтепродукты,45.1
2019-09-01,Нефтепродукты,37.7
2019-10-01,Нефтепродукты,41.5
2019-11-01,Нефтепродукты,38.6
2019-12-01,Нефтепродукты,48.4
2020-01-01,Нефтепродукты,30.0
2020-02-01,Нефтепродукты,31.5
2020-03-01,Нефтепродукты,41.9
2020-04-01,Нефтепродукты,24.7
2020-05-01,Нефтепродукты,0.0
2020-06-01,Нефтепродукты,-3.3
2020-07-01,Нефтепродукты,11.0
2020-08-01,Нефтепродукты,21.7
2020-09-01,Нефтепродукты,24.4
2020-10-01,Нефтепродукты,25.0
2020-11-01,Нефтепродукты,22.6
2020-12-01,Нефтепродукты,26.8
2021-01-01,Нефтепродукты,16.7
2021-02-01,Нефтепродукты,20.6
2021-03-01,Нефтепродукты,30.8
2021-04-01,Нефтепродукты,35.3
2021-05-01,Нефтепродукты,28.8
2021-06-01,Нефтепродукты,27.4
2021-07-01,Нефтепродукты,31.2
2021-08-01,Нефтепродукты,36.5
2021-09-01,Нефтепродукты,35.1
2021-10-01,Нефтепродукты,30.3
2021-11-01,Нефтепродукты,42.7
2021-12-01,Нефтепродукты,56.1
2022-01-01,Нефтепродукты,27.8
2022-02-01,Нефтепродукты,24.8
2022-03-01,Нефтепродукты,46.9
2022-04-01,Нефтепродукты,29.2
2022-05-01,Нефтепродукты,10.7
2022-06-01,Нефтепродукты,6.3
2022-07-01,Нефтепродукты,14.6
2022-08-01,Нефтепродукты,22.5
2022-09-01,Нефтепродукты,22.9
2022-10-01,Нефтепродукты,18.8
2022-11-01,Нефтепродукты,19.9
2022-12-01,Нефтепродукты,24.9
2023-01-01,Нефтепродукты,10.3
2023-02-01,Нефтепродукты,6.7
2023-03-01,Нефтепродукты,6.6
2023-04-01,Нефтепродукты,8.1
2023-05-01,Нефтепродукты,7.1
2023-06-01,Нефтепродукты,7.1
2023-07-01,Нефтепродукты,10.0
2023-08-01,Нефтепродукты,12.1
2023-09-01,Нефтепродукты,13.3
2023-10-01,Нефтепродукты,15.6
2023-11-01,Нефтепродукты,16.3
2023-12-01,Нефтепродукты,13.6
2024-01-01,Нефтепродукты,2.1
2024-02-01,Нефтепродукты,-1.7
2024-03-01,Нефтепродукты,-3.3
2024-04-01,Нефтепродукты,-2.9
2024-05-01,Нефтепродукты,-1.0
2024-06-01,Нефтепродукты,-0.1
2024-07-01,Нефтепродукты,-0.053
2024-08-01,Нефтепродукты,0.1
2024-09-01,Нефтепродукты,0.4
2024-10-01,Нефтепродукты,1.8
2024-11-01,Нефтепродукты,2.1
2024-12-01,Нефтепродукты,2.3
2025-01-01,Нефтепродукты,0.6
2025-02-01,Нефтепродукты,0.6
2025-03-01,Нефтепродукты,0.2
2025-04-01,Нефтепродукты,-0.2
2025-05-01,Нефтепродукты,-0.4
2025-06-01,Нефтепродукты,0.0
2025-07-01,Нефтепродукты,-0.1
2025-08-01,Нефтепродукты,0.0
2025-09-01,Нефтепродукты,-0.1
2025-10-01,Нефтепродукты,0.0
2025-11-01,Нефтепродукты,0.0
2025-12-01,Нефтепродукты,0.0
2026-01-01,Нефтепродукты,0.0
2026-02-01,Нефтепродукты,0.0
2026-03-01,Нефтепродукты,0.0
2026-04-01,Нефтепродукты,0.2
2019-02-01,"Акциз на нефтяное сырье без Кдемп, Кинв и Кврк*",-9.2
2019-03-01,"Акциз на нефтяное сырье без Кдемп, Кинв и Кврк*",-14.0
2019-04-01,"Акциз на нефтяное сырье без Кдемп, Кинв и Кврк*",-8.4
2019-05-01,"Акциз на нефтяное сырье без Кдемп, Кинв и Кврк*",-11.4
2019-06-01,"Акциз на нефтяное сырье без Кдемп, Кинв и Кврк*",-10.0
2019-07-01,"Акциз на нефтяное сырье без Кдемп, Кинв и Кврк*",-16.5
2019-08-01,"Акциз на нефтяное сырье без Кдемп, Кинв и Кврк*",-17.5
2019-09-01,"Акциз на нефтяное сырье без Кдемп, Кинв и Кврк*",-14.1
2019-10-01,"Акциз на нефтяное сырье без Кдемп, Кинв и Кврк*",-9.7
2019-11-01,"Акциз на нефтяное сырье без Кдемп, Кинв и Кврк*",-18.4
2019-12-01,"Акциз на нефтяное сырье без Кдемп, Кинв и Кврк*",-13.3
2020-01-01,"Акциз на нефтяное сырье без Кдемп, Кинв и Кврк*",-15.9
2020-02-01,"Акциз на нефтяное сырье без Кдемп, Кинв и Кврк*",-27.6
2020-03-01,"Акциз на нефтяное сырье без Кдемп, Кинв и Кврк*",-27.4
2020-04-01,"Акциз на нефтяное сырье без Кдемп, Кинв и Кврк*",5.6
2020-05-01,"Акциз на нефтяное сырье без Кдемп, Кинв и Кврк*",14.0
2020-06-01,"Акциз на нефтяное сырье без Кдемп, Кинв и Кврк*",-54.3
2020-07-01,"Акциз на нефтяное сырье без Кдемп, Кинв и Кврк*",-15.9
2020-08-01,"Акциз на нефтяное сырье без Кдемп, Кинв и Кврк*",-21.1
2020-09-01,"Акциз на нефтяное сырье без Кдемп, Кинв и Кврк*",-20.1
2020-10-01,"Акциз на нефтяное сырье без Кдемп, Кинв и Кврк*",-17.9
2020-11-01,"Акциз на нефтяное сырье без Кдемп, Кинв и Кврк*",-21.9
2020-12-01,"Акциз на нефтяное сырье без Кдемп, Кинв и Кврк*",-19.2
2021-01-01,"Акциз на нефтяное сырье без Кдемп, Кинв и Кврк*",-22.6
2021-02-01,"Акциз на нефтяное сырье без Кдемп, Кинв и Кврк*",-34.4
2021-03-01,"Акциз на нефтяное сырье без Кдемп, Кинв и Кврк*",-46.9
2021-04-01,"Акциз на нефтяное сырье без Кдемп, Кинв и Кврк*",-42.1
2021-05-01,"Акциз на нефтяное сырье без Кдемп, Кинв и Кврк*",-42.2
2021-06-01,"Акциз на нефтяное сырье без Кдемп, Кинв и Кврк*",-46.8
2021-07-01,"Акциз на нефтяное сырье без Кдемп, Кинв и Кврк*",-41.9
2021-08-01,"Акциз на нефтяное сырье без Кдемп, Кинв и Кврк*",-58.8
2021-09-01,"Акциз на нефтяное сырье без Кдемп, Кинв и Кврк*",-53.8
2021-10-01,"Акциз на нефтяное сырье без Кдемп, Кинв и Кврк*",-54.0
2021-11-01,"Акциз на нефтяное сырье без Кдемп, Кинв и Кврк*",-58.8
2021-12-01,"Акциз на нефтяное сырье без Кдемп, Кинв и Кврк*",-62.3
2022-01-01,"Акциз на нефтяное сырье без Кдемп, Кинв и Кврк*",-54.6
2022-02-01,"Акциз на нефтяное сырье без Кдемп, Кинв и Кврк*",-100.4
2022-03-01,"Акциз на нефтяное сырье без Кдемп, Кинв и Кврк*",-112.1
2022-04-01,"Акциз на нефтяное сырье без Кдемп, Кинв и Кврк*",-119.8
2022-05-01,"Акциз на нефтяное сырье без Кдемп, Кинв и Кврк*",-66.2
2022-06-01,"Акциз на нефтяное сырье без Кдемп, Кинв и Кврк*",-60.7
2022-07-01,"Акциз на нефтяное сырье без Кдемп, Кинв и Кврк*",-106.7
2022-08-01,"Акциз на нефтяное сырье без Кдемп, Кинв и Кврк*",-92.0
2022-09-01,"Акциз на нефтяное сырье без Кдемп, Кинв и Кврк*",-78.2
2022-10-01,"Акциз на нефтяное сырье без Кдемп, Кинв и Кврк*",-61.8
2022-11-01,"Акциз на нефтяное сырье без Кдемп, Кинв и Кврк*",-58.7
2022-12-01,"Акциз на нефтяное сырье без Кдемп, Кинв и Кврк*",-60.2
2023-01-01,"Акциз на нефтяное сырье без Кдемп, Кинв и Кврк*",-55.2
2023-02-01,"Акциз на нефтяное сырье без Кдемп, Кинв и Кврк*",-62.2
2023-03-01,"Акциз на нефтяное сырье без Кдемп, Кинв и Кврк*",-41.0
2023-04-01,"Акциз на нефтяное сырье без Кдемп, Кинв и Кврк*",-79.3
2023-05-01,"Акциз на нефтяное сырье без Кдемп, Кинв и Кврк*",-91.0
2023-06-01,"Акциз на нефтяное сырье без Кдемп, Кинв и Кврк*",-73.9
2023-07-01,"Акциз на нефтяное сырье без Кдемп, Кинв и Кврк*",-95.1
2023-08-01,"Акциз на нефтяное сырье без Кдемп, Кинв и Кврк*",-113.8
2023-09-01,"Акциз на нефтяное сырье без Кдемп, Кинв и Кврк*",-138.9
2023-10-01,"Акциз на нефтяное сырье без Кдемп, Кинв и Кврк*",-147.1
2023-11-01,"Акциз на нефтяное сырье без Кдемп, Кинв и Кврк*",-125.0
2023-12-01,"Акциз на нефтяное сырье без Кдемп, Кинв и Кврк*",-151.2
2024-01-01,"Акциз на нефтяное сырье без Кдемп, Кинв и Кврк*",-111.0
2024-02-01,"Акциз на нефтяное сырье без Кдемп, Кинв и Кврк*",-133.0
2024-03-01,"Акциз на нефтяное сырье без Кдемп, Кинв и Кврк*",-131.8
2024-04-01,"Акциз на нефтяное сырье без Кдемп, Кинв и Кврк*",-133.0
2024-05-01,"Акциз на нефтяное сырье без Кдемп, Кинв и Кврк*",-147.9
2024-06-01,"Акциз на нефтяное сырье без Кдемп, Кинв и Кврк*",-150.6
2024-07-01,"Акциз на нефтяное сырье без Кдемп, Кинв и Кврк*",-134.5
2024-08-01,"Акциз на нефтяное сырье без Кдемп, Кинв и Кврк*",-150.1
2024-09-01,"Акциз на нефтяное сырье без Кдемп, Кинв и Кврк*",-141.9
2024-10-01,"Акциз на нефтяное сырье без Кдемп, Кинв и Кврк*",-119.1
2024-11-01,"Акциз на нефтяное сырье без Кдемп, Кинв и Кврк*",-133.7
2024-12-01,"Акциз на нефтяное сырье без Кдемп, Кинв и Кврк*",-137.6
2025-01-01,"Акциз на нефтяное сырье без Кдемп, Кинв и Кврк*",-156.5
2025-02-01,"Акциз на нефтяное сырье без Кдемп, Кинв и Кврк*",-162.9
2025-03-01,"Акциз на нефтяное сырье без Кдемп, Кинв и Кврк*",-114.6
2025-04-01,"Акциз на нефтяное сырье без Кдемп, Кинв и Кврк*",-113.7
2025-05-01,"Акциз на нефтяное сырье без Кдемп, Кинв и Кврк*",-96.8
2025-06-01,"Акциз на нефтяное сырье без Кдемп, Кинв и Кврк*",-90.6
2025-07-01,"Акциз на нефтяное сырье без Кдемп, Кинв и Кврк*",-102.5
2025-08-01,"Акциз на нефтяное сырье без Кдемп, Кинв и Кврк*",-106.9
2025-09-01,"Акциз на нефтяное сырье без Кдемп, Кинв и Кврк*",-95.6
2025-10-01,"Акциз на нефтяное сырье без Кдемп, Кинв и Кврк*",-93.4
2025-11-01,"Акциз на нефтяное сырье без Кдемп, Кинв и Кврк*",-89.4
2025-12-01,"Акциз на нефтяное сырье без Кдемп, Кинв и Кврк*",-74.1
2026-01-01,"Акциз на нефтяное сырье без Кдемп, Кинв и Кврк*",-63.6
2026-02-01,"Акциз на нефтяное сырье без Кдемп, Кинв и Кврк*",-65.3
2026-03-01,"Акциз на нефтяное сырье без Кдемп, Кинв и Кврк*",-61.6
2026-04-01,"Акциз на нефтяное сырье без Кдемп, Кинв и Кврк*",-151.8
2019-02-01,Кдемп,-0.7
2019-03-01,Кдемп,-10.4
2019-04-01,Кдемп,-27.1
2019-05-01,Кдемп,-41.0
2019-06-01,Кдемп,-43.1
2019-07-01,Кдемп,-22.1
2019-08-01,Кдемп,-32.0
2019-09-01,Кдемп,-29.7
2019-10-01,Кдемп,-30.6
2019-11-01,Кдемп,-23.7
2019-12-01,Кдемп,-21.7
2020-01-01,Кдемп,-20.7
2020-02-01,Кдемп,-2.3
2020-03-01,Кдемп,10.5
2020-04-01,Кдемп,34.2
2020-05-01,Кдемп,41.1
2020-06-01,Кдемп,96.5
2020-07-01,Кдемп,42.6
2020-08-01,Кдемп,34.2
2020-09-01,Кдемп,29.3
2020-10-01,Кдемп,32.8
2020-11-01,Кдемп,34.1
2020-12-01,Кдемп,24.1
2021-01-01,Кдемп,12.5
2021-02-01,Кдемп,2.8
2021-03-01,Кдемп,-16.6
2021-04-01,Кдемп,-35.9
2021-05-01,Кдемп,-42.7
2021-06-01,Кдемп,-51.2
2021-07-01,Кдемп,-70.7
2021-08-01,Кдемп,-83.5
2021-09-01,Кдемп,-77.6
2021-10-01,Кдемп,-88.8
2021-11-01,Кдемп,-116.5
2021-12-01,Кдемп,-106.3
2022-01-01,Кдемп,-85.0
2022-02-01,Кдемп,-113.8
2022-03-01,Кдемп,-152.8
2022-04-01,Кдемп,-450.3
2022-05-01,Кдемп,-260.6
2022-06-01,Кдемп,-221.5
2022-07-01,Кдемп,-244.2
2022-08-01,Кдемп,-173.3
2022-09-01,Кдемп,-140.1
2022-10-01,Кдемп,-92.2
2022-11-01,Кдемп,-148.7
2022-12-01,Кдемп,-88.8
2023-01-01,Кдемп,-47.9
2023-02-01,Кдемп,-108.7
2023-03-01,Кдемп,-96.7
2023-04-01,Кдемп,-107.2
2023-05-01,Кдемп,-103.5
2023-06-01,Кдемп,-78.6
2023-07-01,Кдемп,-110.4
2023-08-01,Кдемп,-185.9
2023-09-01,Кдемп,-298.7
2023-10-01,Кдемп,-0.002
2023-11-01,Кдемп,-192.7
2023-12-01,Кдемп,-258.2
2024-01-01,Кдемп,-146.6
2024-02-01,Кдемп,-127.9
2024-03-01,Кдемп,-164.4
2024-04-01,Кдемп,-187.2
2024-05-01,Кдемп,-201.7
2024-06-01,Кдемп,-158.1
2024-07-01,Кдемп,-142.5
2024-08-01,Кдемп,-163.3
2024-09-01,Кдемп,-145.7
2024-10-01,Кдемп,-106.6
2024-11-01,Кдемп,-132.2
2024-12-01,Кдемп,-139.3
2025-01-01,Кдемп,-156.4
2025-02-01,Кдемп,-148.3
2025-03-01,Кдемп,-100.3
2025-04-01,Кдемп,-62.7
2025-05-01,Кдемп,-42.5
2025-06-01,Кдемп,-34.5
2025-07-01,Кдемп,-59.9
2025-08-01,Кдемп,-80.4
2025-09-01,Кдемп,-30.5
2025-10-01,Кдемп,-43.8
2025-11-01,Кдемп,-64.7
2025-12-01,Кдемп,-57.8
2026-01-01,Кдемп,-16.9
2026-02-01,Кдемп,18.8
2026-03-01,Кдемп,15.0
2026-04-01,Кдемп,-207.5
2021-04-01,Кинв,-4.1
2021-05-01,Кинв,-4.4
2021-06-01,Кинв,-4.9
2021-07-01,Кинв,-5.3
2021-08-01,Кинв,-5.8
2021-09-01,Кинв,-5.7
2021-10-01,Кинв,-5.9
2021-11-01,Кинв,-6.3
2021-12-01,Кинв,-6.3
2022-01-01,Кинв,-6.7
2022-02-01,Кинв,-11.1
2022-03-01,Кинв,-12.5
2022-04-01,Кинв,-15.9
2022-05-01,Кинв,-8.8
2022-06-01,Кинв,-7.3
2022-07-01,Кинв,-7.8
2022-08-01,Кинв,-7.7
2022-09-01,Кинв,-6.7
2022-10-01,Кинв,-7.1
2022-11-01,Кинв,-7.5
2022-12-01,Кинв,-7.3
2023-01-01,Кинв,-5.6
2023-02-01,Кинв,-7.3
2023-03-01,Кинв,-7.9
2023-04-01,Кинв,-7.7
2023-05-01,Кинв,-9.9
2023-06-01,Кинв,-9.2
2023-07-01,Кинв,-13.5
2023-08-01,Кинв,-14.4
2023-09-01,Кинв,-18.4
2023-10-01,Кинв,-20.7
2023-11-01,Кинв,-18.8
2023-12-01,Кинв,-16.9
2024-01-01,Кинв,-14.1
2024-02-01,Кинв,-17.0
2024-03-01,Кинв,-17.1
2024-04-01,Кинв,-17.6
2024-05-01,Кинв,-21.7
2024-06-01,Кинв,-18.3
2024-07-01,Кинв,-17.1
2024-08-01,Кинв,-20.1
2024-09-01,Кинв,-19.2
2024-10-01,Кинв,-17.0
2024-11-01,Кинв,-17.0
2024-12-01,Кинв,-19.9
2025-01-01,Кинв,-20.0
2025-02-01,Кинв,-18.2
2025-03-01,Кинв,-15.9
2025-04-01,Кинв,-15.3
2025-05-01,Кинв,-13.4
2025-06-01,Кинв,-11.7
2025-07-01,Кинв,-13.6
2025-08-01,Кинв,-14.4
2025-09-01,Кинв,-12.2
2025-10-01,Кинв,-13.2
2025-11-01,Кинв,-12.7
2025-12-01,Кинв,-9.3
2026-01-01,Кинв,-8.1
2026-02-01,Кинв,-7.5
2026-03-01,Кинв,-8.6
2026-04-01,Кинв,-18.9
2024-01-01,Кврк,0.0
2024-02-01,Кврк,1.6
2024-03-01,Кврк,1.9
2024-04-01,Кврк,1.9
2024-05-01,Кврк,1.8
2024-06-01,Кврк,1.8
2024-07-01,Кврк,1.7
2024-08-01,Кврк,1.8
2024-09-01,Кврк,1.8
2024-10-01,Кврк,1.2
2024-11-01,Кврк,1.0
2024-12-01,Кврк,1.1
2025-01-01,Кврк,1.3
2025-02-01,Кврк,1.3
2025-03-01,Кврк,1.2
2025-04-01,Кврк,1.3
2025-05-01,Кврк,1.3
2025-06-01,Кврк,1.3
2025-07-01,Кврк,1.3
2025-08-01,Кврк,1.3
2025-09-01,Кврк,0.9
2025-10-01,Кврк,1.1
2025-11-01,Кврк,0.9
2025-12-01,Кврк,1.4
2026-01-01,Кврк,1.5
2026-02-01,Кврк,1.3
2026-03-01,Кврк,1.2
2026-04-01,Кврк,1.2
2019-02-01,НДД,0.0
2019-03-01,НДД,0.0
2019-04-01,НДД,27.1
2019-05-01,НДД,0.3
2019-06-01,НДД,0.1
2019-07-01,НДД,31.3
2019-08-01,НДД,0.3
2019-09-01,НДД,0.1
2019-10-01,НДД,41.7
2019-11-01,НДД,0.0
2019-12-01,НДД,0.2
2020-01-01,НДД,0.0
2020-02-01,НДД,0.0
2020-03-01,НДД,42.5
2020-04-01,НДД,46.6
2020-05-01,НДД,0.5
2020-06-01,НДД,0.1
2020-07-01,НДД,8.8
2020-08-01,НДД,0.4
2020-09-01,НДД,0.2
2020-10-01,НДД,51.3
2020-11-01,НДД,-1.6
2020-12-01,НДД,0.2
2021-01-01,НДД,0.0
2021-02-01,НДД,-0.2
2021-03-01,НДД,43.1
2021-04-01,НДД,267.7
2021-05-01,НДД,2.8
2021-06-01,НДД,-0.3
2021-07-01,НДД,328.5
2021-08-01,НДД,0.3
2021-09-01,НДД,0.6
2021-10-01,НДД,365.8
2021-11-01,НДД,0.0
2021-12-01,НДД,0.2
2022-01-01,НДД,0.4
2022-02-01,НДД,-2.4
2022-03-01,НДД,225.9
2022-04-01,НДД,765.9
2022-05-01,НДД,28.6
2022-06-01,НДД,5.1
2022-07-01,НДД,306.3
2022-08-01,НДД,42.8
2022-09-01,НДД,1.3
2022-10-01,НДД,302.3
2022-11-01,НДД,7.6
2022-12-01,НДД,1.3
2023-01-01,НДД,-9.3
2023-02-01,НДД,0.0
2023-03-01,НДД,220.6
2023-04-01,НДД,185.4
2023-05-01,НДД,5.4
2023-06-01,НДД,0.9
2023-07-01,НДД,294.5
2023-08-01,НДД,3.3
2023-09-01,НДД,3.4
2023-10-01,НДД,592.9
2023-11-01,НДД,2.0
2023-12-01,НДД,-6.4
2024-01-01,НДД,-0.1
2024-02-01,НДД,-0.4
2024-03-01,НДД,587.5
2024-04-01,НДД,452.5
2024-05-01,НДД,2.4
2024-06-01,НДД,0.3
2024-07-01,НДД,496.7
2024-08-01,НДД,15.0
2024-09-01,НДД,0.5
2024-10-01,НДД,491.6
2024-11-01,НДД,0.3
2024-12-01,НДД,2.7
2025-01-01,НДД,-1.7
2025-02-01,НДД,0.5
2025-03-01,НДД,487.1
2025-04-01,НДД,489.2
2025-05-01,НДД,3.0
2025-06-01,НДД,0.1
2025-07-01,НДД,302.2
2025-08-01,НДД,1.3
2025-09-01,НДД,-0.4
2025-10-01,НДД,327.8
2025-11-01,НДД,3.9
2025-12-01,НДД,0.9
2026-01-01,НДД,-0.6
2026-02-01,НДД,-0.5
2026-03-01,НДД,191.5
2026-04-01,НДД,259.7
2018-01-01,Базовый месячный объем нефтегазовых доходов,399.7
2018-02-01,Базовый месячный объем нефтегазовых доходов,380.1
2018-03-01,Базовый месячный объем нефтегазовых доходов,345.1
2018-04-01,Базовый месячный объем нефтегазовых доходов,374.7
2018-05-01,Базовый месячный объем нефтегазовых доходов,387.1
2018-06-01,Базовый месячный объем нефтегазовых доходов,396.9
2018-07-01,Базовый месячный объем нефтегазовых доходов,367.1
2018-08-01,Базовый месячный объем нефтегазовых доходов,393.8
2018-09-01,Базовый месячный объем нефтегазовых доходов,412.8
2018-10-01,Базовый месячный объем нефтегазовых доходов,428.3
2018-11-01,Базовый месячный объем нефтегазовых доходов,438.8
2018-12-01,Базовый месячный объем нефтегазовых доходов,431.9
2019-01-01,Базовый месячный объем нефтегазовых доходов,469.7
2019-02-01,Базовый месячный объем нефтегазовых доходов,442.6
2019-03-01,Базовый месячный объем нефтегазовых доходов,408.3
2019-04-01,Базовый месячный объем нефтегазовых доходов,435.9
2019-05-01,Базовый месячный объем нефтегазовых доходов,397.1
2019-06-01,Базовый месячный объем нефтегазовых доходов,403.5
2019-07-01,Базовый месячный объем нефтегазовых доходов,394.9
2019-08-01,Базовый месячный объем нефтегазовых доходов,393.9
2019-09-01,Базовый месячный объем нефтегазовых доходов,398.9
2019-10-01,Базовый месячный объем нефтегазовых доходов,419.8
2019-11-01,Базовый месячный объем нефтегазовых доходов,411.2
2019-12-01,Базовый месячный объем нефтегазовых доходов,391.6
2020-01-01,Базовый месячный объем нефтегазовых доходов,383.2
2020-02-01,Базовый месячный объем нефтегазовых доходов,421.2
2020-03-01,Базовый месячный объем нефтегазовых доходов,413.5
2020-04-01,Базовый месячный объем нефтегазовых доходов,493.4
2020-05-01,Базовый месячный объем нефтегазовых доходов,462.5
2020-06-01,Базовый месячный объем нефтегазовых доходов,447.7
2020-07-01,Базовый месячный объем нефтегазовых доходов,481.3
2020-08-01,Базовый месячный объем нефтегазовых доходов,452.9
2020-09-01,Базовый месячный объем нефтегазовых доходов,475.9
2020-10-01,Базовый месячный объем нефтегазовых доходов,533.0
2020-11-01,Базовый месячный объем нефтегазовых доходов,502.8
2020-12-01,Базовый месячный объем нефтегазовых доходов,490.3
2021-01-01,Базовый месячный объем нефтегазовых доходов,420.2
2021-02-01,Базовый месячный объем нефтегазовых доходов,468.1
2021-03-01,Базовый месячный объем нефтегазовых доходов,489.7
2021-04-01,Базовый месячный объем нефтегазовых доходов,679.9
2021-05-01,Базовый месячный объем нефтегазовых доходов,437.3
2021-06-01,Базовый месячный объем нефтегазовых доходов,429.3
2021-07-01,Базовый месячный объем нефтегазовых доходов,579.4
2021-08-01,Базовый месячный объем нефтегазовых доходов,443.0
2021-09-01,Базовый месячный объем нефтегазовых доходов,459.1
2021-10-01,Базовый месячный объем нефтегазовых доходов,583.2
2021-11-01,Базовый месячный объем нефтегазовых доходов,455.6
2021-12-01,Базовый месячный объем нефтегазовых доходов,444.7
2022-01-01,Базовый месячный объем нефтегазовых доходов,442.5
2022-02-01,Базовый месячный объем нефтегазовых доходов,544.8
2022-03-01,Базовый месячный объем нефтегазовых доходов,587.6
2022-04-01,Базовый месячный объем нефтегазовых доходов,799.4
2022-05-01,Базовый месячный объем нефтегазовых доходов,385.6
2022-06-01,Базовый месячный объем нефтегазовых доходов,312.3
2022-07-01,Базовый месячный объем нефтегазовых доходов,421.4
2022-08-01,Базовый месячный объем нефтегазовых доходов,301.7
2022-09-01,Базовый месячный объем нефтегазовых доходов,343.3
2022-10-01,Базовый месячный объем нефтегазовых доходов,846.6
2022-11-01,Базовый месячный объем нефтегазовых доходов,757.5
2022-12-01,Базовый месячный объем нефтегазовых доходов,766.2
2023-01-01,Базовый месячный объем нефтегазовых доходов,585.1
2023-02-01,Базовый месячный объем нефтегазовых доходов,669.8
2023-03-01,Базовый месячный объем нефтегазовых доходов,675.5
2023-04-01,Базовый месячный объем нефтегазовых доходов,670.3
2023-05-01,Базовый месячный объем нефтегазовых доходов,671.7
2023-06-01,Базовый месячный объем нефтегазовых доходов,663.8
2023-07-01,Базовый месячный объем нефтегазовых доходов,653.4
2023-08-01,Базовый месячный объем нефтегазовых доходов,671.8
2023-09-01,Базовый месячный объем нефтегазовых доходов,671.3
2023-10-01,Базовый месячный объем нефтегазовых доходов,684.0
2023-11-01,Базовый месячный объем нефтегазовых доходов,689.1
2023-12-01,Базовый месячный объем нефтегазовых доходов,694.3
2024-01-01,Базовый месячный объем нефтегазовых доходов,712.7
2024-02-01,Базовый месячный объем нефтегазовых доходов,827.9
2024-03-01,Базовый месячный объем нефтегазовых доходов,983.1
2024-04-01,Базовый месячный объем нефтегазовых доходов,1151.9
2024-05-01,Базовый месячный объем нефтегазовых доходов,667.2
2024-06-01,Базовый месячный объем нефтегазовых доходов,661.3
2024-07-01,Базовый месячный объем нефтегазовых доходов,984.8
2024-08-01,Базовый месячный объем нефтегазовых доходов,658.6
2024-09-01,Базовый месячный объем нефтегазовых доходов,682.1
2024-10-01,Базовый месячный объем нефтегазовых доходов,1043.1
2024-11-01,Базовый месячный объем нефтегазовых доходов,727.4
2024-12-01,Базовый месячный объем нефтегазовых доходов,731.2
2025-01-01,Базовый месячный объем нефтегазовых доходов,758.3
2025-02-01,Базовый месячный объем нефтегазовых доходов,682.1
2025-03-01,Базовый месячный объем нефтегазовых доходов,1060.0
2025-04-01,Базовый месячный объем нефтегазовых доходов,923.3
2025-05-01,Базовый месячный объем нефтегазовых доходов,533.1
2025-06-01,Базовый месячный объем нефтегазовых доходов,530.1
2025-07-01,Базовый месячный объем нефтегазовых доходов,828.3
2025-08-01,Базовый месячный объем нефтегазовых доходов,521.6
2025-09-01,Базовый месячный объем нефтегазовых доходов,575.4
2025-10-01,Базовый месячный объем нефтегазовых доходов,884.1
2025-11-01,Базовый месячный объем нефтегазовых доходов,561.0
2025-12-01,Базовый месячный объем нефтегазовых доходов,535.5
2026-01-01,Базовый месячный объем нефтегазовых доходов,575.5
2026-02-01,Базовый месячный объем нефтегазовых доходов,585.5
2026-03-01,Базовый месячный объем нефтегазовых доходов,851.3
2026-04-01,Базовый месячный объем нефтегазовых доходов,834.6
2018-01-01,Дополнительные нефтегазовые доходы,261.7
2018-02-01,Дополнительные нефтегазовые доходы,248.1
2018-03-01,Дополнительные нефтегазовые доходы,225.0
2018-04-01,Дополнительные нефтегазовые доходы,255.9
2018-05-01,Дополнительные нефтегазовые доходы,297.5
2018-06-01,Дополнительные нефтегазовые доходы,363.2
2018-07-01,Дополнительные нефтегазовые доходы,382.2
2018-08-01,Дополнительные нефтегазовые доходы,423.8
2018-09-01,Дополнительные нефтегазовые доходы,387.4
2018-10-01,Дополнительные нефтегазовые доходы,491.7
2018-11-01,Дополнительные нефтегазовые доходы,520.7
2018-12-01,Дополнительные нефтегазовые доходы,404.3
2019-01-01,Дополнительные нефтегазовые доходы,211.0
2019-02-01,Дополнительные нефтегазовые доходы,243.9
2019-03-01,Дополнительные нефтегазовые доходы,217.8
2019-04-01,Дополнительные нефтегазовые доходы,293.3
2019-05-01,Дополнительные нефтегазовые доходы,300.7
2019-06-01,Дополнительные нефтегазовые доходы,298.1
2019-07-01,Дополнительные нефтегазовые доходы,266.1
2019-08-01,Дополнительные нефтегазовые доходы,230.7
2019-09-01,Дополнительные нефтегазовые доходы,201.6
2019-10-01,Дополнительные нефтегазовые доходы,248.9
2019-11-01,Дополнительные нефтегазовые доходы,177.5
2019-12-01,Дополнительные нефтегазовые доходы,267.3
2020-01-01,Дополнительные нефтегазовые доходы,232.8
2020-02-01,Дополнительные нефтегазовые доходы,187.1
2020-03-01,Дополнительные нефтегазовые доходы,150.1
2020-04-01,Дополнительные нефтегазовые доходы,-58.8
2020-05-01,Дополнительные нефтегазовые доходы,-248.3
2020-06-01,Дополнительные нефтегазовые доходы,-223.3
2020-07-01,Дополнительные нефтегазовые доходы,-140.3
2020-08-01,Дополнительные нефтегазовые доходы,-48.0
2020-09-01,Дополнительные нефтегазовые доходы,-28.8
2020-10-01,Дополнительные нефтегазовые доходы,-58.4
2020-11-01,Дополнительные нефтегазовые доходы,-49.0
2020-12-01,Дополнительные нефтегазовые доходы,-37.4
2021-01-01,Дополнительные нефтегазовые доходы,70.6
2021-02-01,Дополнительные нефтегазовые доходы,76.8
2021-03-01,Дополнительные нефтегазовые доходы,92.8
2021-04-01,Дополнительные нефтегазовые доходы,209.9
2021-05-01,Дополнительные нефтегазовые доходы,183.6
2021-06-01,Дополнительные нефтегазовые доходы,217.7
2021-07-01,Дополнительные нефтегазовые доходы,414.6
2021-08-01,Дополнительные нефтегазовые доходы,252.8
2021-09-01,Дополнительные нефтегазовые доходы,259.8
2021-10-01,Дополнительные нефтегазовые доходы,524.7
2021-11-01,Дополнительные нефтегазовые доходы,429.1
2021-12-01,Дополнительные нефтегазовые доходы,434.4
2022-01-01,Дополнительные нефтегазовые доходы,352.1
2022-02-01,Дополнительные нефтегазовые доходы,426.9
2022-03-01,Дополнительные нефтегазовые доходы,620.5
2022-04-01,Дополнительные нефтегазовые доходы,998.3
2022-05-01,Дополнительные нефтегазовые доходы,500.4
2022-06-01,Дополнительные нефтегазовые доходы,405.6
2022-07-01,Дополнительные нефтегазовые доходы,349.2
2022-08-01,Дополнительные нефтегазовые доходы,370.2
2022-09-01,Дополнительные нефтегазовые доходы,344.9
2022-10-01,Дополнительные нефтегазовые доходы,435.1
2022-11-01,Дополнительные нефтегазовые доходы,108.9
2022-12-01,Дополнительные нефтегазовые доходы,165.3
2023-01-01,Дополнительные нефтегазовые доходы,-159.6
2023-02-01,Дополнительные нефтегазовые доходы,-148.6
2023-03-01,Дополнительные нефтегазовые доходы,12.7
2023-04-01,Дополнительные нефтегазовые доходы,-22.799999999999955
2023-05-01,Дополнительные нефтегазовые доходы,-101.0
2023-06-01,Дополнительные нефтегазовые доходы,-135.2
2023-07-01,Дополнительные нефтегазовые доходы,157.9
2023-08-01,Дополнительные нефтегазовые доходы,-29.1
2023-09-01,Дополнительные нефтегазовые доходы,68.5
2023-10-01,Дополнительные нефтегазовые доходы,950.6
2023-11-01,Дополнительные нефтегазовые доходы,272.6
2023-12-01,Дополнительные нефтегазовые доходы,-43.8
2024-01-01,Дополнительные нефтегазовые доходы,-37.5
2024-02-01,Дополнительные нефтегазовые доходы,117.7
2024-03-01,Дополнительные нефтегазовые доходы,324.4
2024-04-01,Дополнительные нефтегазовые доходы,77.1
2024-05-01,Дополнительные нефтегазовые доходы,126.5
2024-06-01,Дополнительные нефтегазовые доходы,85.3
2024-07-01,Дополнительные нефтегазовые доходы,94.5
2024-08-01,Дополнительные нефтегазовые доходы,120.0
2024-09-01,Дополнительные нефтегазовые доходы,89.8
2024-10-01,Дополнительные нефтегазовые доходы,168.70000000000005
2024-11-01,Дополнительные нефтегазовые доходы,74.3
2024-12-01,Дополнительные нефтегазовые доходы,59.1
2025-01-01,Дополнительные нефтегазовые доходы,30.8
2025-02-01,Дополнительные нефтегазовые доходы,89.2
2025-03-01,Дополнительные нефтегазовые доходы,21.3
2025-04-01,Дополнительные нефтегазовые доходы,162.29999999999995
2025-05-01,Дополнительные нефтегазовые доходы,-20.4
2025-06-01,Дополнительные нефтегазовые доходы,-35.3
2025-07-01,Дополнительные нефтегазовые доходы,-40.9
2025-08-01,Дополнительные нефтегазовые доходы,-16.6
2025-09-01,Дополнительные нефтегазовые доходы,7.0
2025-10-01,Дополнительные нефтегазовые доходы,4.4
2025-11-01,Дополнительные нефтегазовые доходы,-30.1
2025-12-01,Дополнительные нефтегазовые доходы,-87.6
2026-01-01,Дополнительные нефтегазовые доходы,-182.2
2026-02-01,Дополнительные нефтегазовые доходы,-153.2
2026-03-01,Дополнительные нефтегазовые доходы,-234.3
2026-04-01,Дополнительные нефтегазовые доходы,21.0
2018-01-01,Объем покупки (продажи) иностранной валюты и золота**,257.1
2018-02-01,Объем покупки (продажи) иностранной валюты и золота**,298.1
2018-03-01,Объем покупки (продажи) иностранной валюты и золота**,192.5
2018-04-01,Объем покупки (продажи) иностранной валюты и золота**,240.7
2018-05-01,Объем покупки (продажи) иностранной валюты и золота**,322.8
2018-06-01,Объем покупки (продажи) иностранной валюты и золота**,379.7
2018-07-01,Объем покупки (продажи) иностранной валюты и золота**,347.7
2018-08-01,Объем покупки (продажи) иностранной валюты и золота**,383.2
2018-09-01,Объем покупки (продажи) иностранной валюты и золота**,426.9
2018-10-01,Объем покупки (продажи) иностранной валюты и золота**,475.7
2018-11-01,Объем покупки (продажи) иностранной валюты и золота**,525.8
2018-12-01,Объем покупки (продажи) иностранной валюты и золота**,366.1
2019-01-01,Объем покупки (продажи) иностранной валюты и золота**,265.8
2019-02-01,Объем покупки (продажи) иностранной валюты и золота**,194.0
2019-03-01,Объем покупки (продажи) иностранной валюты и золота**,310.0
2019-04-01,Объем покупки (продажи) иностранной валюты и золота**,255.4
2019-05-01,Объем покупки (продажи) иностранной валюты и золота**,300.5
2019-06-01,Объем покупки (продажи) иностранной валюты и золота**,310.3
2019-07-01,Объем покупки (продажи) иностранной валюты и золота**,231.0
2019-08-01,Объем покупки (продажи) иностранной валюты и золота**,246.2
2019-09-01,Объем покупки (продажи) иностранной валюты и золота**,187.1
2019-10-01,Объем покупки (продажи) иностранной валюты и золота**,212.7
2019-11-01,Объем покупки (продажи) иностранной валюты и золота**,228.2
2019-12-01,Объем покупки (продажи) иностранной валюты и золота**,195.5
2020-01-01,Объем покупки (продажи) иностранной валюты и золота**,309.9
2020-02-01,Объем покупки (продажи) иностранной валюты и золота**,214.2
2020-03-01,Объем покупки (продажи) иностранной валюты и золота**,133.3
2020-04-01,Объем покупки (продажи) иностранной валюты и золота**,-77.8
2020-05-01,Объем покупки (продажи) иностранной валюты и золота**,-193.1
2020-06-01,Объем покупки (продажи) иностранной валюты и золота**,-203.7
2020-07-01,Объем покупки (продажи) иностранной валюты и золота**,-125.6
2020-08-01,Объем покупки (продажи) иностранной валюты и золота**,-64.9
2020-09-01,Объем покупки (продажи) иностранной валюты и золота**,-54.0
2020-10-01,Объем покупки (продажи) иностранной валюты и золота**,-126.9
2020-11-01,Объем покупки (продажи) иностранной валюты и золота**,-50.1
2020-12-01,Объем покупки (продажи) иностранной валюты и золота**,-50.8
2021-01-01,Объем покупки (продажи) иностранной валюты и золота**,106.3
2021-02-01,Объем покупки (продажи) иностранной валюты и золота**,45.6
2021-03-01,Объем покупки (продажи) иностранной валюты и золота**,148.1
2021-04-01,Объем покупки (продажи) иностранной валюты и золота**,185.7
2021-05-01,Объем покупки (продажи) иностранной валюты и золота**,123.7
2021-06-01,Объем покупки (продажи) иностранной валюты и золота**,220.9
2021-07-01,Объем покупки (продажи) иностранной валюты и золота**,296.0
2021-08-01,Объем покупки (продажи) иностранной валюты и золота**,315.9
2021-09-01,Объем покупки (продажи) иностранной валюты и золота**,327.1
2021-10-01,Объем покупки (продажи) иностранной валюты и золота**,317.6
2021-11-01,Объем покупки (продажи) иностранной валюты и золота**,518.2
2021-12-01,Объем покупки (продажи) иностранной валюты и золота**,502.0
2022-01-01,Объем покупки (продажи) иностранной валюты и золота**,585.9
2022-02-01,Объем покупки (продажи) иностранной валюты и золота**,634.7
2023-01-01,Объем покупки (продажи) иностранной валюты и золота**,-54.5
2023-02-01,Объем покупки (продажи) иностранной валюты и золота**,-160.2
2023-03-01,Объем покупки (продажи) иностранной валюты и золота**,-119.8
2023-04-01,Объем покупки (продажи) иностранной валюты и золота**,-74.6
2023-05-01,Объем покупки (продажи) иностранной валюты и золота**,-40.4
2023-06-01,Объем покупки (продажи) иностранной валюты и золота**,-74.6
2023-07-01,Объем покупки (продажи) иностранной валюты и золота**,-34.9
2023-08-01,Объем покупки (продажи) иностранной валюты и золота**,40.5
2023-09-01,Объем покупки (продажи) иностранной валюты и золота**,276.2
2023-10-01,Объем покупки (продажи) иностранной валюты и золота**,398.7
2023-11-01,Объем покупки (продажи) иностранной валюты и золота**,621.1
2023-12-01,Объем покупки (продажи) иностранной валюты и золота**,244.8
2024-01-01,Объем покупки (продажи) иностранной валюты и золота**,-69.1
2024-02-01,Объем покупки (продажи) иностранной валюты и золота**,73.2
2024-03-01,Объем покупки (продажи) иностранной валюты и золота**,93.7
2024-04-01,Объем покупки (продажи) иностранной валюты и золота**,235.3
2024-05-01,Объем покупки (продажи) иностранной валюты и золота**,110.9
2024-06-01,Объем покупки (продажи) иностранной валюты и золота**,71.1
2024-07-01,Объем покупки (продажи) иностранной валюты и золота**,123.8
2024-08-01,Объем покупки (продажи) иностранной валюты и золота**,24.7
2024-09-01,Объем покупки (продажи) иностранной валюты и золота**,172.9
2024-10-01,Объем покупки (продажи) иностранной валюты и золота**,71.8
2024-11-01,Объем покупки (продажи) иностранной валюты и золота**,87.5
2024-12-01,Объем покупки (продажи) иностранной валюты и золота**,114.4
2025-01-01,Объем покупки (продажи) иностранной валюты и золота**,70.2
2025-02-01,Объем покупки (продажи) иностранной валюты и золота**,66.5
2025-03-01,Объем покупки (продажи) иностранной валюты и золота**,60.1
2025-04-01,Объем покупки (продажи) иностранной валюты и золота**,-35.9
2025-05-01,Объем покупки (продажи) иностранной валюты и золота**,41.6
2025-06-01,Объем покупки (продажи) иностранной валюты и золота**,28.3
2025-07-01,Объем покупки (продажи) иностранной валюты и золота**,-18.8
2025-08-01,Объем покупки (продажи) иностранной валюты и золота**,-6.2
2025-09-01,Объем покупки (продажи) иностранной валюты и золота**,-31.5
2025-10-01,Объем покупки (продажи) иностранной валюты и золота**,-13.9
2025-11-01,Объем покупки (продажи) иностранной валюты и золота**,-2.7
2025-12-01,Объем покупки (продажи) иностранной валюты и золота**,-123.4
2026-01-01,Объем покупки (продажи) иностранной валюты и золота**,-192.1
2026-02-01,Объем покупки (продажи) иностранной валюты и золота**,-226.8
2026-05-01,Объем покупки (продажи) иностранной валюты и золота**,110.3
2018-01-01,разности ожидаемого месячного объема нефтегазовых доходов и оценки базового месячного объема нефтегазовых доходов в текущем месяце***,257.1
2018-02-01,разности ожидаемого месячного объема нефтегазовых доходов и оценки базового месячного объема нефтегазовых доходов в текущем месяце***,293.6
2018-03-01,разности ожидаемого месячного объема нефтегазовых доходов и оценки базового месячного объема нефтегазовых доходов в текущем месяце***,238.0
2018-04-01,разности ожидаемого месячного объема нефтегазовых доходов и оценки базового месячного объема нефтегазовых доходов в текущем месяце***,253.8
2018-05-01,разности ожидаемого месячного объема нефтегазовых доходов и оценки базового месячного объема нефтегазовых доходов в текущем месяце***,320.6
2018-06-01,разности ожидаемого месячного объема нефтегазовых доходов и оценки базового месячного объема нефтегазовых доходов в текущем месяце***,402.8
2018-07-01,разности ожидаемого месячного объема нефтегазовых доходов и оценки базового месячного объема нефтегазовых доходов в текущем месяце***,387.3
2018-08-01,разности ожидаемого месячного объема нефтегазовых доходов и оценки базового месячного объема нефтегазовых доходов в текущем месяце***,388.3
2018-09-01,разности ожидаемого месячного объема нефтегазовых доходов и оценки базового месячного объема нефтегазовых доходов в текущем месяце***,391.4
2018-10-01,разности ожидаемого месячного объема нефтегазовых доходов и оценки базового месячного объема нефтегазовых доходов в текущем месяце***,479.7
2018-11-01,разности ожидаемого месячного объема нефтегазовых доходов и оценки базового месячного объема нефтегазовых доходов в текущем месяце***,513.8
2018-12-01,разности ожидаемого месячного объема нефтегазовых доходов и оценки базового месячного объема нефтегазовых доходов в текущем месяце***,359.1
2019-01-01,разности ожидаемого месячного объема нефтегазовых доходов и оценки базового месячного объема нефтегазовых доходов в текущем месяце***,220.6
2019-02-01,разности ожидаемого месячного объема нефтегазовых доходов и оценки базового месячного объема нефтегазовых доходов в текущем месяце***,203.6
2019-03-01,разности ожидаемого месячного объема нефтегазовых доходов и оценки базового месячного объема нефтегазовых доходов в текущем месяце***,269.6
2019-04-01,разности ожидаемого месячного объема нефтегазовых доходов и оценки базового месячного объема нефтегазовых доходов в текущем месяце***,307.2
2019-05-01,разности ожидаемого месячного объема нефтегазовых доходов и оценки базового месячного объема нефтегазовых доходов в текущем месяце***,314.4
2019-06-01,разности ожидаемого месячного объема нефтегазовых доходов и оценки базового месячного объема нефтегазовых доходов в текущем месяце***,324.0
2019-07-01,разности ожидаемого месячного объема нефтегазовых доходов и оценки базового месячного объема нефтегазовых доходов в текущем месяце***,256.9
2019-08-01,разности ожидаемого месячного объема нефтегазовых доходов и оценки базового месячного объема нефтегазовых доходов в текущем месяце***,237.0
2019-09-01,разности ожидаемого месячного объема нефтегазовых доходов и оценки базового месячного объема нефтегазовых доходов в текущем месяце***,193.4
2019-10-01,разности ожидаемого месячного объема нефтегазовых доходов и оценки базового месячного объема нефтегазовых доходов в текущем месяце***,204.5
2019-11-01,разности ожидаемого месячного объема нефтегазовых доходов и оценки базового месячного объема нефтегазовых доходов в текущем месяце***,183.9
2019-12-01,разности ожидаемого месячного объема нефтегазовых доходов и оценки базового месячного объема нефтегазовых доходов в текущем месяце***,201.9
2020-01-01,разности ожидаемого месячного объема нефтегазовых доходов и оценки базового месячного объема нефтегазовых доходов в текущем месяце***,244.5
2020-02-01,разности ожидаемого месячного объема нефтегазовых доходов и оценки базового месячного объема нефтегазовых доходов в текущем месяце***,226.0
2020-03-01,разности ожидаемого месячного объема нефтегазовых доходов и оценки базового месячного объема нефтегазовых доходов в текущем месяце***,172.1
2020-04-01,разности ожидаемого месячного объема нефтегазовых доходов и оценки базового месячного объема нефтегазовых доходов в текущем месяце***,-55.8
2020-05-01,разности ожидаемого месячного объема нефтегазовых доходов и оценки базового месячного объема нефтегазовых доходов в текущем месяце***,-190.1
2020-06-01,разности ожидаемого месячного объема нефтегазовых доходов и оценки базового месячного объема нефтегазовых доходов в текущем месяце***,-145.5
2020-07-01,разности ожидаемого месячного объема нефтегазовых доходов и оценки базового месячного объема нефтегазовых доходов в текущем месяце***,-47.8
2020-08-01,разности ожидаемого месячного объема нефтегазовых доходов и оценки базового месячного объема нефтегазовых доходов в текущем месяце***,27.5
2020-09-01,разности ожидаемого месячного объема нефтегазовых доходов и оценки базового месячного объема нефтегазовых доходов в текущем месяце***,21.5
2020-10-01,разности ожидаемого месячного объема нефтегазовых доходов и оценки базового месячного объема нефтегазовых доходов в текущем месяце***,-76.6
2020-11-01,разности ожидаемого месячного объема нефтегазовых доходов и оценки базового месячного объема нефтегазовых доходов в текущем месяце***,-68.3
2020-12-01,разности ожидаемого месячного объема нефтегазовых доходов и оценки базового месячного объема нефтегазовых доходов в текущем месяце***,-70.1
2021-01-01,разности ожидаемого месячного объема нефтегазовых доходов и оценки базового месячного объема нефтегазовых доходов в текущем месяце***,73.5
2021-02-01,разности ожидаемого месячного объема нефтегазовых доходов и оценки базового месячного объема нефтегазовых доходов в текущем месяце***,47.1
2021-03-01,разности ожидаемого месячного объема нефтегазовых доходов и оценки базового месячного объема нефтегазовых доходов в текущем месяце***,116.9
2021-04-01,разности ожидаемого месячного объема нефтегазовых доходов и оценки базового месячного объема нефтегазовых доходов в текущем месяце***,212.6
2021-05-01,разности ожидаемого месячного объема нефтегазовых доходов и оценки базового месячного объема нефтегазовых доходов в текущем месяце***,176.5
2021-06-01,разности ожидаемого месячного объема нефтегазовых доходов и оценки базового месячного объема нефтегазовых доходов в текущем месяце***,215.8
2021-07-01,разности ожидаемого месячного объема нефтегазовых доходов и оценки базового месячного объема нефтегазовых доходов в текущем месяце***,242.0
2021-08-01,разности ожидаемого месячного объема нефтегазовых доходов и оценки базового месячного объема нефтегазовых доходов в текущем месяце***,258.5
2021-09-01,разности ожидаемого месячного объема нефтегазовых доходов и оценки базового месячного объема нефтегазовых доходов в текущем месяце***,279.1
2021-10-01,разности ожидаемого месячного объема нефтегазовых доходов и оценки базового месячного объема нефтегазовых доходов в текущем месяце***,275.3
2021-11-01,разности ожидаемого месячного объема нефтегазовых доходов и оценки базового месячного объема нефтегазовых доходов в текущем месяце***,409.9
2021-12-01,разности ожидаемого месячного объема нефтегазовых доходов и оценки базового месячного объема нефтегазовых доходов в текущем месяце***,396.8
2022-01-01,разности ожидаемого месячного объема нефтегазовых доходов и оценки базового месячного объема нефтегазовых доходов в текущем месяце***,493.2
2022-02-01,разности ожидаемого месячного объема нефтегазовых доходов и оценки базового месячного объема нефтегазовых доходов в текущем месяце***,709.6
2022-03-01,разности ожидаемого месячного объема нефтегазовых доходов и оценки базового месячного объема нефтегазовых доходов в текущем месяце***,790.0
2022-04-01,разности ожидаемого месячного объема нефтегазовых доходов и оценки базового месячного объема нефтегазовых доходов в текущем месяце***,798.4
2022-05-01,разности ожидаемого месячного объема нефтегазовых доходов и оценки базового месячного объема нефтегазовых доходов в текущем месяце***,414.0
2022-06-01,разности ожидаемого месячного объема нефтегазовых доходов и оценки базового месячного объема нефтегазовых доходов в текущем месяце***,422.3
2022-07-01,разности ожидаемого месячного объема нефтегазовых доходов и оценки базового месячного объема нефтегазовых доходов в текущем месяце***,313.0
2022-08-01,разности ожидаемого месячного объема нефтегазовых доходов и оценки базового месячного объема нефтегазовых доходов в текущем месяце***,359.5
2022-09-01,разности ожидаемого месячного объема нефтегазовых доходов и оценки базового месячного объема нефтегазовых доходов в текущем месяце***,403.4
2022-10-01,разности ожидаемого месячного объема нефтегазовых доходов и оценки базового месячного объема нефтегазовых доходов в текущем месяце***,305.6
2022-11-01,разности ожидаемого месячного объема нефтегазовых доходов и оценки базового месячного объема нефтегазовых доходов в текущем месяце***,282.8
2022-12-01,разности ожидаемого месячного объема нефтегазовых доходов и оценки базового месячного объема нефтегазовых доходов в текущем месяце***,218.6
2023-01-01,разности ожидаемого месячного объема нефтегазовых доходов и оценки базового месячного объема нефтегазовых доходов в текущем месяце***,-54.5
2023-02-01,разности ожидаемого месячного объема нефтегазовых доходов и оценки базового месячного объема нефтегазовых доходов в текущем месяце***,-108.0
2023-03-01,разности ожидаемого месячного объема нефтегазовых доходов и оценки базового месячного объема нефтегазовых доходов в текущем месяце***,-132.1
2023-04-01,разности ожидаемого месячного объема нефтегазовых доходов и оценки базового месячного объема нефтегазовых доходов в текущем месяце***,-113.6
2023-05-01,разности ожидаемого месячного объема нефтегазовых доходов и оценки базового месячного объема нефтегазовых доходов в текущем месяце***,-8.1
2023-06-01,разности ожидаемого месячного объема нефтегазовых доходов и оценки базового месячного объема нефтегазовых доходов в текущем месяце***,-44.0
2023-07-01,разности ожидаемого месячного объема нефтегазовых доходов и оценки базового месячного объема нефтегазовых доходов в текущем месяце***,-4.5
2023-08-01,разности ожидаемого месячного объема нефтегазовых доходов и оценки базового месячного объема нефтегазовых доходов в текущем месяце***,73.2
2023-09-01,разности ожидаемого месячного объема нефтегазовых доходов и оценки базового месячного объема нефтегазовых доходов в текущем месяце***,279.1
2023-10-01,разности ожидаемого месячного объема нефтегазовых доходов и оценки базового месячного объема нефтегазовых доходов в текущем месяце***,513.5
2023-11-01,разности ожидаемого месячного объема нефтегазовых доходов и оценки базового месячного объема нефтегазовых доходов в текущем месяце***,583.3
2023-12-01,разности ожидаемого месячного объема нефтегазовых доходов и оценки базового месячного объема нефтегазовых доходов в текущем месяце***,362.0
2024-01-01,разности ожидаемого месячного объема нефтегазовых доходов и оценки базового месячного объема нефтегазовых доходов в текущем месяце***,130.8
2024-02-01,разности ожидаемого месячного объема нефтегазовых доходов и оценки базового месячного объема нефтегазовых доходов в текущем месяце***,195.4
2024-03-01,разности ожидаемого месячного объема нефтегазовых доходов и оценки базового месячного объема нефтегазовых доходов в текущем месяце***,125.2
2024-04-01,разности ожидаемого месячного объема нефтегазовых доходов и оценки базового месячного объема нефтегазовых доходов в текущем месяце***,128.3
2024-05-01,разности ожидаемого месячного объема нефтегазовых доходов и оценки базового месячного объема нефтегазовых доходов в текущем месяце***,183.6
2024-06-01,разности ожидаемого месячного объема нефтегазовых доходов и оценки базового месячного объема нефтегазовых доходов в текущем месяце***,140.7
2024-07-01,разности ожидаемого месячного объема нефтегазовых доходов и оценки базового месячного объема нефтегазовых доходов в текущем месяце***,145.256902961846
2024-08-01,разности ожидаемого месячного объема нефтегазовых доходов и оценки базового месячного объема нефтегазовых доходов в текущем месяце***,166.7
2024-09-01,разности ожидаемого месячного объема нефтегазовых доходов и оценки базового месячного объема нефтегазовых доходов в текущем месяце***,162.0
2024-10-01,разности ожидаемого месячного объема нефтегазовых доходов и оценки базового месячного объема нефтегазовых доходов в текущем месяце***,110.4
2024-11-01,разности ожидаемого месячного объема нефтегазовых доходов и оценки базового месячного объема нефтегазовых доходов в текущем месяце***,105.1
2024-12-01,разности ожидаемого месячного объема нефтегазовых доходов и оценки базового месячного объема нефтегазовых доходов в текущем месяце***,95.9
2025-01-01,разности ожидаемого месячного объема нефтегазовых доходов и оценки базового месячного объема нефтегазовых доходов в текущем месяце***,80.3
2025-02-01,разности ожидаемого месячного объема нефтегазовых доходов и оценки базового месячного объема нефтегазовых доходов в текущем месяце***,101.2
2025-03-01,разности ожидаемого месячного объема нефтегазовых доходов и оценки базового месячного объема нефтегазовых доходов в текущем месяце***,57.2
2025-04-01,разности ожидаемого месячного объема нефтегазовых доходов и оценки базового месячного объема нефтегазовых доходов в текущем месяце***,29.7
2025-05-01,разности ожидаемого месячного объема нефтегазовых доходов и оценки базового месячного объема нефтегазовых доходов в текущем месяце***,-12.3
2025-06-01,разности ожидаемого месячного объема нефтегазовых доходов и оценки базового месячного объема нефтегазовых доходов в текущем месяце***,-40.3
2025-07-01,разности ожидаемого месячного объема нефтегазовых доходов и оценки базового месячного объема нефтегазовых доходов в текущем месяце***,-25.8
2025-08-01,разности ожидаемого месячного объема нефтегазовых доходов и оценки базового месячного объема нефтегазовых доходов в текущем месяце***,-12.1
2025-09-01,разности ожидаемого месячного объема нефтегазовых доходов и оценки базового месячного объема нефтегазовых доходов в текущем месяце***,-21.0
2025-10-01,разности ожидаемого месячного объема нефтегазовых доходов и оценки базового месячного объема нефтегазовых доходов в текущем месяце***,-26.9
2025-11-01,разности ожидаемого месячного объема нефтегазовых доходов и оценки базового месячного объема нефтегазовых доходов в текущем месяце***,-48.0
2025-12-01,разности ожидаемого месячного объема нефтегазовых доходов и оценки базового месячного объема нефтегазовых доходов в текущем месяце***,-137.6
2026-01-01,разности ожидаемого месячного объема нефтегазовых доходов и оценки базового месячного объема нефтегазовых доходов в текущем месяце***,-231.9
2026-02-01,разности ожидаемого месячного объема нефтегазовых доходов и оценки базового месячного объема нефтегазовых доходов в текущем месяце***,-209.4
2026-03-01,разности ожидаемого месячного объема нефтегазовых доходов и оценки базового месячного объема нефтегазовых доходов в текущем месяце***,110.3
2018-01-01,корректировки оценки дополнительных нефтегазовых доходов за предыдущий месяц****,0.0
2018-02-01,корректировки оценки дополнительных нефтегазовых доходов за предыдущий месяц****,4.5
2018-03-01,корректировки оценки дополнительных нефтегазовых доходов за предыдущий месяц****,-45.4
2018-04-01,корректировки оценки дополнительных нефтегазовых доходов за предыдущий месяц****,-13.0
2018-05-01,корректировки оценки дополнительных нефтегазовых доходов за предыдущий месяц****,2.2
2018-06-01,корректировки оценки дополнительных нефтегазовых доходов за предыдущий месяц****,-23.2
2018-07-01,корректировки оценки дополнительных нефтегазовых доходов за предыдущий месяц****,-39.6
2018-08-01,корректировки оценки дополнительных нефтегазовых доходов за предыдущий месяц****,-5.1
2018-09-01,корректировки оценки дополнительных нефтегазовых доходов за предыдущий месяц****,35.4
2018-10-01,корректировки оценки дополнительных нефтегазовых доходов за предыдущий месяц****,-4.0
2018-11-01,корректировки оценки дополнительных нефтегазовых доходов за предыдущий месяц****,12.0
2018-12-01,корректировки оценки дополнительных нефтегазовых доходов за предыдущий месяц****,7.0
2019-01-01,корректировки оценки дополнительных нефтегазовых доходов за предыдущий месяц****,45.1
2019-02-01,корректировки оценки дополнительных нефтегазовых доходов за предыдущий месяц****,-9.6
2019-03-01,корректировки оценки дополнительных нефтегазовых доходов за предыдущий месяц****,40.4
2019-04-01,корректировки оценки дополнительных нефтегазовых доходов за предыдущий месяц****,-51.8
2019-05-01,корректировки оценки дополнительных нефтегазовых доходов за предыдущий месяц****,-13.9
2019-06-01,корректировки оценки дополнительных нефтегазовых доходов за предыдущий месяц****,-13.7
2019-07-01,корректировки оценки дополнительных нефтегазовых доходов за предыдущий месяц****,-25.9
2019-08-01,корректировки оценки дополнительных нефтегазовых доходов за предыдущий месяц****,9.2
2019-09-01,корректировки оценки дополнительных нефтегазовых доходов за предыдущий месяц****,-6.3
2019-10-01,корректировки оценки дополнительных нефтегазовых доходов за предыдущий месяц****,8.2
2019-11-01,корректировки оценки дополнительных нефтегазовых доходов за предыдущий месяц****,44.4
2019-12-01,корректировки оценки дополнительных нефтегазовых доходов за предыдущий месяц****,-6.4
2020-01-01,корректировки оценки дополнительных нефтегазовых доходов за предыдущий месяц****,65.3
2020-02-01,корректировки оценки дополнительных нефтегазовых доходов за предыдущий месяц****,-11.8
2020-03-01,корректировки оценки дополнительных нефтегазовых доходов за предыдущий месяц****,-38.9
2020-04-01,корректировки оценки дополнительных нефтегазовых доходов за предыдущий месяц****,-22.0
2020-05-01,корректировки оценки дополнительных нефтегазовых доходов за предыдущий месяц****,-3.0
2020-06-01,корректировки оценки дополнительных нефтегазовых доходов за предыдущий месяц****,-58.2
2020-07-01,корректировки оценки дополнительных нефтегазовых доходов за предыдущий месяц****,-77.8
2020-08-01,корректировки оценки дополнительных нефтегазовых доходов за предыдущий месяц****,-92.5
2020-09-01,корректировки оценки дополнительных нефтегазовых доходов за предыдущий месяц****,-75.5
2020-10-01,корректировки оценки дополнительных нефтегазовых доходов за предыдущий месяц****,-50.3
2020-11-01,корректировки оценки дополнительных нефтегазовых доходов за предыдущий месяц****,18.1
2020-12-01,корректировки оценки дополнительных нефтегазовых доходов за предыдущий месяц****,19.3
2021-01-01,корректировки оценки дополнительных нефтегазовых доходов за предыдущий месяц****,32.7
2021-02-01,корректировки оценки дополнительных нефтегазовых доходов за предыдущий месяц****,-1.5
2021-03-01,корректировки оценки дополнительных нефтегазовых доходов за предыдущий месяц****,31.2
2021-04-01,корректировки оценки дополнительных нефтегазовых доходов за предыдущий месяц****,-26.9
2021-05-01,корректировки оценки дополнительных нефтегазовых доходов за предыдущий месяц****,-52.8
2021-06-01,корректировки оценки дополнительных нефтегазовых доходов за предыдущий месяц****,5.1
2021-07-01,корректировки оценки дополнительных нефтегазовых доходов за предыдущий месяц****,54.1
2021-08-01,корректировки оценки дополнительных нефтегазовых доходов за предыдущий месяц****,57.4
2021-09-01,корректировки оценки дополнительных нефтегазовых доходов за предыдущий месяц****,48.0
2021-10-01,корректировки оценки дополнительных нефтегазовых доходов за предыдущий месяц****,42.3
2021-11-01,корректировки оценки дополнительных нефтегазовых доходов за предыдущий месяц****,108.4
2021-12-01,корректировки оценки дополнительных нефтегазовых доходов за предыдущий месяц****,105.2
2022-01-01,корректировки оценки дополнительных нефтегазовых доходов за предыдущий месяц****,92.7
2022-02-01,корректировки оценки дополнительных нефтегазовых доходов за предыдущий месяц****,-74.8
2022-03-01,корректировки оценки дополнительных нефтегазовых доходов за предыдущий месяц****,-216.4
2022-04-01,корректировки оценки дополнительных нефтегазовых доходов за предыдущий месяц****,-302.0
2022-05-01,корректировки оценки дополнительных нефтегазовых доходов за предыдущий месяц****,-133.1
2022-06-01,корректировки оценки дополнительных нефтегазовых доходов за предыдущий месяц****,263.7
2022-07-01,корректировки оценки дополнительных нефтегазовых доходов за предыдущий месяц****,138.9
2022-08-01,корректировки оценки дополнительных нефтегазовых доходов за предыдущий месяц****,-74.7
2022-09-01,корректировки оценки дополнительных нефтегазовых доходов за предыдущий месяц****,85.9
2022-10-01,корректировки оценки дополнительных нефтегазовых доходов за предыдущий месяц****,-22.7
2022-11-01,корректировки оценки дополнительных нефтегазовых доходов за предыдущий месяц****,-7.5
2022-12-01,корректировки оценки дополнительных нефтегазовых доходов за предыдущий месяц****,-90.2
2023-02-01,корректировки оценки дополнительных нефтегазовых доходов за предыдущий месяц****,-52.1
2023-03-01,корректировки оценки дополнительных нефтегазовых доходов за предыдущий месяц****,12.3
2023-04-01,корректировки оценки дополнительных нефтегазовых доходов за предыдущий месяц****,39.0
2023-05-01,корректировки оценки дополнительных нефтегазовых доходов за предыдущий месяц****,-32.4
2023-06-01,корректировки оценки дополнительных нефтегазовых доходов за предыдущий месяц****,-30.6
2023-07-01,корректировки оценки дополнительных нефтегазовых доходов за предыдущий месяц****,-30.3
2023-08-01,корректировки оценки дополнительных нефтегазовых доходов за предыдущий месяц****,-32.7
2023-09-01,корректировки оценки дополнительных нефтегазовых доходов за предыдущий месяц****,-3.0
2023-10-01,корректировки оценки дополнительных нефтегазовых доходов за предыдущий месяц****,-114.8
2023-11-01,корректировки оценки дополнительных нефтегазовых доходов за предыдущий месяц****,37.8
2023-12-01,корректировки оценки дополнительных нефтегазовых доходов за предыдущий месяц****,-117.2
2024-01-01,корректировки оценки дополнительных нефтегазовых доходов за предыдущий месяц****,-199.9
2024-02-01,корректировки оценки дополнительных нефтегазовых доходов за предыдущий месяц****,-122.2
2024-03-01,корректировки оценки дополнительных нефтегазовых доходов за предыдущий месяц****,-31.5
2024-04-01,корректировки оценки дополнительных нефтегазовых доходов за предыдущий месяц****,107.0
2024-05-01,корректировки оценки дополнительных нефтегазовых доходов за предыдущий месяц****,-72.6
2024-06-01,корректировки оценки дополнительных нефтегазовых доходов за предыдущий месяц****,-69.6
2024-07-01,корректировки оценки дополнительных нефтегазовых доходов за предыдущий месяц****,-21.5
2024-08-01,корректировки оценки дополнительных нефтегазовых доходов за предыдущий месяц****,-142.1
2024-09-01,корректировки оценки дополнительных нефтегазовых доходов за предыдущий месяц****,10.9
2024-10-01,корректировки оценки дополнительных нефтегазовых доходов за предыдущий месяц****,-38.6
2024-11-01,корректировки оценки дополнительных нефтегазовых доходов за предыдущий месяц****,-17.6
2024-12-01,корректировки оценки дополнительных нефтегазовых доходов за предыдущий месяц****,18.5
2025-01-01,корректировки оценки дополнительных нефтегазовых доходов за предыдущий месяц****,-10.1
2025-02-01,корректировки оценки дополнительных нефтегазовых доходов за предыдущий месяц****,-34.7
2025-03-01,корректировки оценки дополнительных нефтегазовых доходов за предыдущий месяц****,2.9
2025-04-01,корректировки оценки дополнительных нефтегазовых доходов за предыдущий месяц****,-65.6
2025-05-01,корректировки оценки дополнительных нефтегазовых доходов за предыдущий месяц****,53.9
2025-06-01,корректировки оценки дополнительных нефтегазовых доходов за предыдущий месяц****,68.6
2025-07-01,корректировки оценки дополнительных нефтегазовых доходов за предыдущий месяц****,7.1
2025-08-01,корректировки оценки дополнительных нефтегазовых доходов за предыдущий месяц****,5.9
2025-09-01,корректировки оценки дополнительных нефтегазовых доходов за предыдущий месяц****,-10.5
2025-10-01,корректировки оценки дополнительных нефтегазовых доходов за предыдущий месяц****,13.0
2025-11-01,корректировки оценки дополнительных нефтегазовых доходов за предыдущий месяц****,45.3
2025-12-01,корректировки оценки дополнительных нефтегазовых доходов за предыдущий месяц****,14.1
2026-01-01,корректировки оценки дополнительных нефтегазовых доходов за предыдущий месяц****,39.8
2026-02-01,корректировки оценки дополнительных нефтегазовых доходов за предыдущий месяц****,-17.4
2023-02-01,Справочно: корректировка оценки дополнительных нефтегазовых доходов за предыдущий месяц (без учета равномерного распределения НДД),-105.0
2023-03-01,Справочно: корректировка оценки дополнительных нефтегазовых доходов за предыдущий месяц (без учета равномерного распределения НДД),-40.6
2023-04-01,Справочно: корректировка оценки дополнительных нефтегазовых доходов за предыдущий месяц (без учета равномерного распределения НДД),144.8
2023-05-01,Справочно: корректировка оценки дополнительных нефтегазовых доходов за предыдущий месяц (без учета равномерного распределения НДД),90.8
2023-06-01,Справочно: корректировка оценки дополнительных нефтегазовых доходов за предыдущий месяц (без учета равномерного распределения НДД),-92.9
2023-07-01,Справочно: корректировка оценки дополнительных нефтегазовых доходов за предыдущий месяц (без учета равномерного распределения НДД),-91.2
2023-08-01,Справочно: корректировка оценки дополнительных нефтегазовых доходов за предыдущий месяц (без учета равномерного распределения НДД),162.4
2023-09-01,Справочно: корректировка оценки дополнительных нефтегазовых доходов за предыдущий месяц (без учета равномерного распределения НДД),-102.3
2023-10-01,Справочно: корректировка оценки дополнительных нефтегазовых доходов за предыдущий месяц (без учета равномерного распределения НДД),-210.6
2023-11-01,Справочно: корректировка оценки дополнительных нефтегазовых доходов за предыдущий месяц (без учета равномерного распределения НДД),437.2
2023-12-01,Справочно: корректировка оценки дополнительных нефтегазовых доходов за предыдущий месяц (без учета равномерного распределения НДД),-310.7
2024-01-01,Справочно: корректировка оценки дополнительных нефтегазовых доходов за предыдущий месяц (без учета равномерного распределения НДД),-405.7
2024-02-01,Справочно: корректировка оценки дополнительных нефтегазовых доходов за предыдущий месяц (без учета равномерного распределения НДД),-168.3
2024-03-01,Справочно: корректировка оценки дополнительных нефтегазовых доходов за предыдущий месяц (без учета равномерного распределения НДД),-77.7
2024-04-01,Справочно: корректировка оценки дополнительных нефтегазовых доходов за предыдущий месяц (без учета равномерного распределения НДД),199.2
2024-05-01,Справочно: корректировка оценки дополнительных нефтегазовых доходов за предыдущий месяц (без учета равномерного распределения НДД),-51.2
2024-06-01,Справочно: корректировка оценки дополнительных нефтегазовых доходов за предыдущий месяц (без учета равномерного распределения НДД),-57.1
2024-07-01,Справочно: корректировка оценки дополнительных нефтегазовых доходов за предыдущий месяц (без учета равномерного распределения НДД),-55.39999999999999
2024-08-01,Справочно: корректировка оценки дополнительных нефтегазовых доходов за предыдущий месяц (без учета равномерного распределения НДД),-50.8
2024-09-01,Справочно: корректировка оценки дополнительных нефтегазовых доходов за предыдущий месяц (без учета равномерного распределения НДД),-46.7
2024-10-01,Справочно: корректировка оценки дополнительных нефтегазовых доходов за предыдущий месяц (без учета равномерного распределения НДД),-72.2
2024-11-01,Справочно: корректировка оценки дополнительных нефтегазовых доходов за предыдущий месяц (без учета равномерного распределения НДД),58.4
2024-12-01,Справочно: корректировка оценки дополнительных нефтегазовых доходов за предыдущий месяц (без учета равномерного распределения НДД),-30.8
2025-01-01,Справочно: корректировка оценки дополнительных нефтегазовых доходов за предыдущий месяц (без учета равномерного распределения НДД),-36.8
2025-02-01,Справочно: корректировка оценки дополнительных нефтегазовых доходов за предыдущий месяц (без учета равномерного распределения НДД),-49.5
2025-03-01,Справочно: корректировка оценки дополнительных нефтегазовых доходов за предыдущий месяц (без учета равномерного распределения НДД),-12.0
2025-04-01,Справочно: корректировка оценки дополнительных нефтегазовых доходов за предыдущий месяц (без учета равномерного распределения НДД),-35.9
2025-05-01,Справочно: корректировка оценки дополнительных нефтегазовых доходов за предыдущий месяц (без учета равномерного распределения НДД),132.6
2025-06-01,Справочно: корректировка оценки дополнительных нефтегазовых доходов за предыдущий месяц (без учета равномерного распределения НДД),-8.1
2025-07-01,Справочно: корректировка оценки дополнительных нефтегазовых доходов за предыдущий месяц (без учета равномерного распределения НДД),5.1
2025-08-01,Справочно: корректировка оценки дополнительных нефтегазовых доходов за предыдущий месяц (без учета равномерного распределения НДД),-15.1
2025-09-01,Справочно: корректировка оценки дополнительных нефтегазовых доходов за предыдущий месяц (без учета равномерного распределения НДД),-4.5
2025-10-01,Справочно: корректировка оценки дополнительных нефтегазовых доходов за предыдущий месяц (без учета равномерного распределения НДД),28.0
2025-11-01,Справочно: корректировка оценки дополнительных нефтегазовых доходов за предыдущий месяц (без учета равномерного распределения НДД),31.4
2025-12-01,Справочно: корректировка оценки дополнительных нефтегазовых доходов за предыдущий месяц (без учета равномерного распределения НДД),17.9
2026-01-01,Справочно: корректировка оценки дополнительных нефтегазовых доходов за предыдущий месяц (без учета равномерного распределения НДД),49.9
2026-02-01,Справочно: корректировка оценки дополнительных нефтегазовых доходов за предыдущий месяц (без учета равномерного распределения НДД),49.6
